country_id,factor_id,year,public_geography_type,public_geography_id,municipality,value,unit,provenance_ref,comparability_status
sweden,age65,2014,municipality,0114,Upplands Väsby,16.95,pct,provenance/sweden_public_manifest.json,family_mapped
sweden,age65,2014,municipality,0115,Vallentuna,15.42,pct,provenance/sweden_public_manifest.json,family_mapped
sweden,age65,2014,municipality,0117,Österåker,18.12,pct,provenance/sweden_public_manifest.json,family_mapped
sweden,age65,2014,municipality,0120,Värmdö,16.12,pct,provenance/sweden_public_manifest.json,family_mapped
sweden,age65,2014,municipality,0123,Järfälla,17.77,pct,provenance/sweden_public_manifest.json,family_mapped
sweden,age65,2014,municipality,0125,Ekerö,16.54,pct,provenance/sweden_public_manifest.json,family_mapped
sweden,age65,2014,municipality,0126,Huddinge,13.34,pct,provenance/sweden_public_manifest.json,family_mapped
sweden,age65,2014,municipality,0127,Botkyrka,13.78,pct,provenance/sweden_public_manifest.json,family_mapped
sweden,age65,2014,municipality,0128,Salem,17.34,pct,provenance/sweden_public_manifest.json,family_mapped
sweden,age65,2014,municipality,0136,Haninge,15.56,pct,provenance/sweden_public_manifest.json,family_mapped
sweden,age65,2014,municipality,0138,Tyresö,16.82,pct,provenance/sweden_public_manifest.json,family_mapped
sweden,age65,2014,municipality,0139,Upplands-Bro,16.43,pct,provenance/sweden_public_manifest.json,family_mapped
sweden,age65,2014,municipality,0140,Nykvarn,16.74,pct,provenance/sweden_public_manifest.json,family_mapped
sweden,age65,2014,municipality,0160,Täby,19.36,pct,provenance/sweden_public_manifest.json,family_mapped
sweden,age65,2014,municipality,0162,Danderyd,20.18,pct,provenance/sweden_public_manifest.json,family_mapped
sweden,age65,2014,municipality,0163,Sollentuna,15.66,pct,provenance/sweden_public_manifest.json,family_mapped
sweden,age65,2014,municipality,0180,Stockholm,14.52,pct,provenance/sweden_public_manifest.json,family_mapped
sweden,age65,2014,municipality,0181,Södertälje,16.2,pct,provenance/sweden_public_manifest.json,family_mapped
sweden,age65,2014,municipality,0182,Nacka,15.82,pct,provenance/sweden_public_manifest.json,family_mapped
sweden,age65,2014,municipality,0183,Sundbyberg,13.2,pct,provenance/sweden_public_manifest.json,family_mapped
sweden,age65,2014,municipality,0184,Solna,15.99,pct,provenance/sweden_public_manifest.json,family_mapped
sweden,age65,2014,municipality,0186,Lidingö,20.47,pct,provenance/sweden_public_manifest.json,family_mapped
sweden,age65,2014,municipality,0187,Vaxholm,18.8,pct,provenance/sweden_public_manifest.json,family_mapped
sweden,age65,2014,municipality,0188,Norrtälje,26.13,pct,provenance/sweden_public_manifest.json,family_mapped
sweden,age65,2014,municipality,0191,Sigtuna,15.03,pct,provenance/sweden_public_manifest.json,family_mapped
sweden,age65,2014,municipality,0192,Nynäshamn,21.73,pct,provenance/sweden_public_manifest.json,family_mapped
sweden,age65,2014,municipality,0305,Håbo,17.55,pct,provenance/sweden_public_manifest.json,family_mapped
sweden,age65,2014,municipality,0319,Älvkarleby,23.62,pct,provenance/sweden_public_manifest.json,family_mapped
sweden,age65,2014,municipality,0330,Knivsta,13.67,pct,provenance/sweden_public_manifest.json,family_mapped
sweden,age65,2014,municipality,0331,Heby,24.03,pct,provenance/sweden_public_manifest.json,family_mapped
sweden,age65,2014,municipality,0360,Tierp,23.91,pct,provenance/sweden_public_manifest.json,family_mapped
sweden,age65,2014,municipality,0380,Uppsala,16.4,pct,provenance/sweden_public_manifest.json,family_mapped
sweden,age65,2014,municipality,0381,Enköping,21.18,pct,provenance/sweden_public_manifest.json,family_mapped
sweden,age65,2014,municipality,0382,Östhammar,25.37,pct,provenance/sweden_public_manifest.json,family_mapped
sweden,age65,2014,municipality,0428,Vingåker,25.68,pct,provenance/sweden_public_manifest.json,family_mapped
sweden,age65,2014,municipality,0461,Gnesta,22.22,pct,provenance/sweden_public_manifest.json,family_mapped
sweden,age65,2014,municipality,0480,Nyköping,23.54,pct,provenance/sweden_public_manifest.json,family_mapped
sweden,age65,2014,municipality,0481,Oxelösund,27.81,pct,provenance/sweden_public_manifest.json,family_mapped
sweden,age65,2014,municipality,0482,Flen,26.59,pct,provenance/sweden_public_manifest.json,family_mapped
sweden,age65,2014,municipality,0483,Katrineholm,22.56,pct,provenance/sweden_public_manifest.json,family_mapped
sweden,age65,2014,municipality,0484,Eskilstuna,19.82,pct,provenance/sweden_public_manifest.json,family_mapped
sweden,age65,2014,municipality,0486,Strängnäs,21.94,pct,provenance/sweden_public_manifest.json,family_mapped
sweden,age65,2014,municipality,0488,Trosa,23.07,pct,provenance/sweden_public_manifest.json,family_mapped
sweden,age65,2014,municipality,0509,Ödeshög,26.82,pct,provenance/sweden_public_manifest.json,family_mapped
sweden,age65,2014,municipality,0512,Ydre,28.05,pct,provenance/sweden_public_manifest.json,family_mapped
sweden,age65,2014,municipality,0513,Kinda,24.97,pct,provenance/sweden_public_manifest.json,family_mapped
sweden,age65,2014,municipality,0560,Boxholm,24.44,pct,provenance/sweden_public_manifest.json,family_mapped
sweden,age65,2014,municipality,0561,Åtvidaberg,25.13,pct,provenance/sweden_public_manifest.json,family_mapped
sweden,age65,2014,municipality,0562,Finspång,24.58,pct,provenance/sweden_public_manifest.json,family_mapped
sweden,age65,2014,municipality,0563,Valdemarsvik,30.25,pct,provenance/sweden_public_manifest.json,family_mapped
sweden,age65,2014,municipality,0580,Linköping,17.44,pct,provenance/sweden_public_manifest.json,family_mapped
sweden,age65,2014,municipality,0581,Norrköping,19.1,pct,provenance/sweden_public_manifest.json,family_mapped
sweden,age65,2014,municipality,0582,Söderköping,23.19,pct,provenance/sweden_public_manifest.json,family_mapped
sweden,age65,2014,municipality,0583,Motala,22.27,pct,provenance/sweden_public_manifest.json,family_mapped
sweden,age65,2014,municipality,0584,Vadstena,30.99,pct,provenance/sweden_public_manifest.json,family_mapped
sweden,age65,2014,municipality,0586,Mjölby,21.87,pct,provenance/sweden_public_manifest.json,family_mapped
sweden,age65,2014,municipality,0604,Aneby,22.53,pct,provenance/sweden_public_manifest.json,family_mapped
sweden,age65,2014,municipality,0617,Gnosjö,19.29,pct,provenance/sweden_public_manifest.json,family_mapped
sweden,age65,2014,municipality,0642,Mullsjö,23.02,pct,provenance/sweden_public_manifest.json,family_mapped
sweden,age65,2014,municipality,0643,Habo,17.42,pct,provenance/sweden_public_manifest.json,family_mapped
sweden,age65,2014,municipality,0662,Gislaved,20.3,pct,provenance/sweden_public_manifest.json,family_mapped
sweden,age65,2014,municipality,0665,Vaggeryd,20.23,pct,provenance/sweden_public_manifest.json,family_mapped
sweden,age65,2014,municipality,0680,Jönköping,19.18,pct,provenance/sweden_public_manifest.json,family_mapped
sweden,age65,2014,municipality,0682,Nässjö,21.91,pct,provenance/sweden_public_manifest.json,family_mapped
sweden,age65,2014,municipality,0683,Värnamo,20.85,pct,provenance/sweden_public_manifest.json,family_mapped
sweden,age65,2014,municipality,0684,Sävsjö,23.31,pct,provenance/sweden_public_manifest.json,family_mapped
sweden,age65,2014,municipality,0685,Vetlanda,23.27,pct,provenance/sweden_public_manifest.json,family_mapped
sweden,age65,2014,municipality,0686,Eksjö,24.4,pct,provenance/sweden_public_manifest.json,family_mapped
sweden,age65,2014,municipality,0687,Tranås,24.32,pct,provenance/sweden_public_manifest.json,family_mapped
sweden,age65,2014,municipality,0760,Uppvidinge,24.64,pct,provenance/sweden_public_manifest.json,family_mapped
sweden,age65,2014,municipality,0761,Lessebo,24.0,pct,provenance/sweden_public_manifest.json,family_mapped
sweden,age65,2014,municipality,0763,Tingsryd,28.06,pct,provenance/sweden_public_manifest.json,family_mapped
sweden,age65,2014,municipality,0764,Alvesta,21.52,pct,provenance/sweden_public_manifest.json,family_mapped
sweden,age65,2014,municipality,0765,Älmhult,21.44,pct,provenance/sweden_public_manifest.json,family_mapped
sweden,age65,2014,municipality,0767,Markaryd,26.13,pct,provenance/sweden_public_manifest.json,family_mapped
sweden,age65,2014,municipality,0780,Växjö,18.54,pct,provenance/sweden_public_manifest.json,family_mapped
sweden,age65,2014,municipality,0781,Ljungby,23.06,pct,provenance/sweden_public_manifest.json,family_mapped
sweden,age65,2014,municipality,0821,Högsby,26.18,pct,provenance/sweden_public_manifest.json,family_mapped
sweden,age65,2014,municipality,0834,Torsås,27.56,pct,provenance/sweden_public_manifest.json,family_mapped
sweden,age65,2014,municipality,0840,Mörbylånga,25.35,pct,provenance/sweden_public_manifest.json,family_mapped
sweden,age65,2014,municipality,0860,Hultsfred,26.45,pct,provenance/sweden_public_manifest.json,family_mapped
sweden,age65,2014,municipality,0861,Mönsterås,25.11,pct,provenance/sweden_public_manifest.json,family_mapped
sweden,age65,2014,municipality,0862,Emmaboda,27.02,pct,provenance/sweden_public_manifest.json,family_mapped
sweden,age65,2014,municipality,0880,Kalmar,19.73,pct,provenance/sweden_public_manifest.json,family_mapped
sweden,age65,2014,municipality,0881,Nybro,25.17,pct,provenance/sweden_public_manifest.json,family_mapped
sweden,age65,2014,municipality,0882,Oskarshamn,23.86,pct,provenance/sweden_public_manifest.json,family_mapped
sweden,age65,2014,municipality,0883,Västervik,27.18,pct,provenance/sweden_public_manifest.json,family_mapped
sweden,age65,2014,municipality,0884,Vimmerby,24.87,pct,provenance/sweden_public_manifest.json,family_mapped
sweden,age65,2014,municipality,0885,Borgholm,32.68,pct,provenance/sweden_public_manifest.json,family_mapped
sweden,age65,2014,municipality,0980,Gotland,24.08,pct,provenance/sweden_public_manifest.json,family_mapped
sweden,age65,2014,municipality,1060,Olofström,26.49,pct,provenance/sweden_public_manifest.json,family_mapped
sweden,age65,2014,municipality,1080,Karlskrona,21.35,pct,provenance/sweden_public_manifest.json,family_mapped
sweden,age65,2014,municipality,1081,Ronneby,25.09,pct,provenance/sweden_public_manifest.json,family_mapped
sweden,age65,2014,municipality,1082,Karlshamn,24.7,pct,provenance/sweden_public_manifest.json,family_mapped
sweden,age65,2014,municipality,1083,Sölvesborg,25.19,pct,provenance/sweden_public_manifest.json,family_mapped
sweden,age65,2014,municipality,1214,Svalöv,19.0,pct,provenance/sweden_public_manifest.json,family_mapped
sweden,age65,2014,municipality,1230,Staffanstorp,18.98,pct,provenance/sweden_public_manifest.json,family_mapped
sweden,age65,2014,municipality,1231,Burlöv,18.11,pct,provenance/sweden_public_manifest.json,family_mapped
sweden,age65,2014,municipality,1233,Vellinge,22.54,pct,provenance/sweden_public_manifest.json,family_mapped
sweden,age65,2014,municipality,1256,Östra Göinge,23.11,pct,provenance/sweden_public_manifest.json,family_mapped
sweden,age65,2014,municipality,1257,Örkelljunga,24.46,pct,provenance/sweden_public_manifest.json,family_mapped
sweden,age65,2014,municipality,1260,Bjuv,18.9,pct,provenance/sweden_public_manifest.json,family_mapped
sweden,age65,2014,municipality,1261,Kävlinge,18.51,pct,provenance/sweden_public_manifest.json,family_mapped
sweden,age65,2014,municipality,1262,Lomma,20.98,pct,provenance/sweden_public_manifest.json,family_mapped
sweden,age65,2014,municipality,1263,Svedala,17.6,pct,provenance/sweden_public_manifest.json,family_mapped
sweden,age65,2014,municipality,1264,Skurup,20.22,pct,provenance/sweden_public_manifest.json,family_mapped
sweden,age65,2014,municipality,1265,Sjöbo,22.47,pct,provenance/sweden_public_manifest.json,family_mapped
sweden,age65,2014,municipality,1266,Hörby,21.97,pct,provenance/sweden_public_manifest.json,family_mapped
sweden,age65,2014,municipality,1267,Höör,20.16,pct,provenance/sweden_public_manifest.json,family_mapped
sweden,age65,2014,municipality,1270,Tomelilla,24.17,pct,provenance/sweden_public_manifest.json,family_mapped
sweden,age65,2014,municipality,1272,Bromölla,23.47,pct,provenance/sweden_public_manifest.json,family_mapped
sweden,age65,2014,municipality,1273,Osby,24.74,pct,provenance/sweden_public_manifest.json,family_mapped
sweden,age65,2014,municipality,1275,Perstorp,21.46,pct,provenance/sweden_public_manifest.json,family_mapped
sweden,age65,2014,municipality,1276,Klippan,22.54,pct,provenance/sweden_public_manifest.json,family_mapped
sweden,age65,2014,municipality,1277,Åstorp,18.23,pct,provenance/sweden_public_manifest.json,family_mapped
sweden,age65,2014,municipality,1278,Båstad,30.0,pct,provenance/sweden_public_manifest.json,family_mapped
sweden,age65,2014,municipality,1280,Malmö,15.54,pct,provenance/sweden_public_manifest.json,family_mapped
sweden,age65,2014,municipality,1281,Lund,15.89,pct,provenance/sweden_public_manifest.json,family_mapped
sweden,age65,2014,municipality,1282,Landskrona,20.04,pct,provenance/sweden_public_manifest.json,family_mapped
sweden,age65,2014,municipality,1283,Helsingborg,19.04,pct,provenance/sweden_public_manifest.json,family_mapped
sweden,age65,2014,municipality,1284,Höganäs,25.63,pct,provenance/sweden_public_manifest.json,family_mapped
sweden,age65,2014,municipality,1285,Eslöv,18.59,pct,provenance/sweden_public_manifest.json,family_mapped
sweden,age65,2014,municipality,1286,Ystad,26.38,pct,provenance/sweden_public_manifest.json,family_mapped
sweden,age65,2014,municipality,1287,Trelleborg,21.44,pct,provenance/sweden_public_manifest.json,family_mapped
sweden,age65,2014,municipality,1290,Kristianstad,21.26,pct,provenance/sweden_public_manifest.json,family_mapped
sweden,age65,2014,municipality,1291,Simrishamn,32.07,pct,provenance/sweden_public_manifest.json,family_mapped
sweden,age65,2014,municipality,1292,Ängelholm,23.43,pct,provenance/sweden_public_manifest.json,family_mapped
sweden,age65,2014,municipality,1293,Hässleholm,23.06,pct,provenance/sweden_public_manifest.json,family_mapped
sweden,age65,2014,municipality,1315,Hylte,22.18,pct,provenance/sweden_public_manifest.json,family_mapped
sweden,age65,2014,municipality,1380,Halmstad,20.59,pct,provenance/sweden_public_manifest.json,family_mapped
sweden,age65,2014,municipality,1381,Laholm,24.24,pct,provenance/sweden_public_manifest.json,family_mapped
sweden,age65,2014,municipality,1382,Falkenberg,23.39,pct,provenance/sweden_public_manifest.json,family_mapped
sweden,age65,2014,municipality,1383,Varberg,22.47,pct,provenance/sweden_public_manifest.json,family_mapped
sweden,age65,2014,municipality,1384,Kungsbacka,19.3,pct,provenance/sweden_public_manifest.json,family_mapped
sweden,age65,2014,municipality,1401,Härryda,15.82,pct,provenance/sweden_public_manifest.json,family_mapped
sweden,age65,2014,municipality,1402,Partille,16.85,pct,provenance/sweden_public_manifest.json,family_mapped
sweden,age65,2014,municipality,1407,Öckerö,23.16,pct,provenance/sweden_public_manifest.json,family_mapped
sweden,age65,2014,municipality,1415,Stenungsund,19.21,pct,provenance/sweden_public_manifest.json,family_mapped
sweden,age65,2014,municipality,1419,Tjörn,25.32,pct,provenance/sweden_public_manifest.json,family_mapped
sweden,age65,2014,municipality,1421,Orust,27.66,pct,provenance/sweden_public_manifest.json,family_mapped
sweden,age65,2014,municipality,1427,Sotenäs,30.62,pct,provenance/sweden_public_manifest.json,family_mapped
sweden,age65,2014,municipality,1430,Munkedal,25.02,pct,provenance/sweden_public_manifest.json,family_mapped
sweden,age65,2014,municipality,1435,Tanum,27.08,pct,provenance/sweden_public_manifest.json,family_mapped
sweden,age65,2014,municipality,1438,Dals-Ed,25.88,pct,provenance/sweden_public_manifest.json,family_mapped
sweden,age65,2014,municipality,1439,Färgelanda,24.9,pct,provenance/sweden_public_manifest.json,family_mapped
sweden,age65,2014,municipality,1440,Ale,18.25,pct,provenance/sweden_public_manifest.json,family_mapped
sweden,age65,2014,municipality,1441,Lerum,17.92,pct,provenance/sweden_public_manifest.json,family_mapped
sweden,age65,2014,municipality,1442,Vårgårda,20.04,pct,provenance/sweden_public_manifest.json,family_mapped
sweden,age65,2014,municipality,1443,Bollebygd,20.04,pct,provenance/sweden_public_manifest.json,family_mapped
sweden,age65,2014,municipality,1444,Grästorp,23.8,pct,provenance/sweden_public_manifest.json,family_mapped
sweden,age65,2014,municipality,1445,Essunga,24.56,pct,provenance/sweden_public_manifest.json,family_mapped
sweden,age65,2014,municipality,1446,Karlsborg,28.71,pct,provenance/sweden_public_manifest.json,family_mapped
sweden,age65,2014,municipality,1447,Gullspång,29.44,pct,provenance/sweden_public_manifest.json,family_mapped
sweden,age65,2014,municipality,1452,Tranemo,23.82,pct,provenance/sweden_public_manifest.json,family_mapped
sweden,age65,2014,municipality,1460,Bengtsfors,28.8,pct,provenance/sweden_public_manifest.json,family_mapped
sweden,age65,2014,municipality,1461,Mellerud,27.8,pct,provenance/sweden_public_manifest.json,family_mapped
sweden,age65,2014,municipality,1462,Lilla Edet,20.12,pct,provenance/sweden_public_manifest.json,family_mapped
sweden,age65,2014,municipality,1463,Mark,22.11,pct,provenance/sweden_public_manifest.json,family_mapped
sweden,age65,2014,municipality,1465,Svenljunga,24.49,pct,provenance/sweden_public_manifest.json,family_mapped
sweden,age65,2014,municipality,1466,Herrljunga,22.75,pct,provenance/sweden_public_manifest.json,family_mapped
sweden,age65,2014,municipality,1470,Vara,23.39,pct,provenance/sweden_public_manifest.json,family_mapped
sweden,age65,2014,municipality,1471,Götene,23.37,pct,provenance/sweden_public_manifest.json,family_mapped
sweden,age65,2014,municipality,1472,Tibro,24.42,pct,provenance/sweden_public_manifest.json,family_mapped
sweden,age65,2014,municipality,1473,Töreboda,24.7,pct,provenance/sweden_public_manifest.json,family_mapped
sweden,age65,2014,municipality,1480,Göteborg,15.41,pct,provenance/sweden_public_manifest.json,family_mapped
sweden,age65,2014,municipality,1481,Mölndal,16.26,pct,provenance/sweden_public_manifest.json,family_mapped
sweden,age65,2014,municipality,1482,Kungälv,20.53,pct,provenance/sweden_public_manifest.json,family_mapped
sweden,age65,2014,municipality,1484,Lysekil,28.08,pct,provenance/sweden_public_manifest.json,family_mapped
sweden,age65,2014,municipality,1485,Uddevalla,21.06,pct,provenance/sweden_public_manifest.json,family_mapped
sweden,age65,2014,municipality,1486,Strömstad,21.99,pct,provenance/sweden_public_manifest.json,family_mapped
sweden,age65,2014,municipality,1487,Vänersborg,22.22,pct,provenance/sweden_public_manifest.json,family_mapped
sweden,age65,2014,municipality,1488,Trollhättan,18.78,pct,provenance/sweden_public_manifest.json,family_mapped
sweden,age65,2014,municipality,1489,Alingsås,21.59,pct,provenance/sweden_public_manifest.json,family_mapped
sweden,age65,2014,municipality,1490,Borås,19.33,pct,provenance/sweden_public_manifest.json,family_mapped
sweden,age65,2014,municipality,1491,Ulricehamn,23.18,pct,provenance/sweden_public_manifest.json,family_mapped
sweden,age65,2014,municipality,1492,Åmål,26.46,pct,provenance/sweden_public_manifest.json,family_mapped
sweden,age65,2014,municipality,1493,Mariestad,25.85,pct,provenance/sweden_public_manifest.json,family_mapped
sweden,age65,2014,municipality,1494,Lidköping,22.12,pct,provenance/sweden_public_manifest.json,family_mapped
sweden,age65,2014,municipality,1495,Skara,21.48,pct,provenance/sweden_public_manifest.json,family_mapped
sweden,age65,2014,municipality,1496,Skövde,19.11,pct,provenance/sweden_public_manifest.json,family_mapped
sweden,age65,2014,municipality,1497,Hjo,25.1,pct,provenance/sweden_public_manifest.json,family_mapped
sweden,age65,2014,municipality,1498,Tidaholm,22.9,pct,provenance/sweden_public_manifest.json,family_mapped
sweden,age65,2014,municipality,1499,Falköping,22.09,pct,provenance/sweden_public_manifest.json,family_mapped
sweden,age65,2014,municipality,1715,Kil,22.78,pct,provenance/sweden_public_manifest.json,family_mapped
sweden,age65,2014,municipality,1730,Eda,24.65,pct,provenance/sweden_public_manifest.json,family_mapped
sweden,age65,2014,municipality,1737,Torsby,27.84,pct,provenance/sweden_public_manifest.json,family_mapped
sweden,age65,2014,municipality,1760,Storfors,26.2,pct,provenance/sweden_public_manifest.json,family_mapped
sweden,age65,2014,municipality,1761,Hammarö,18.66,pct,provenance/sweden_public_manifest.json,family_mapped
sweden,age65,2014,municipality,1762,Munkfors,29.4,pct,provenance/sweden_public_manifest.json,family_mapped
sweden,age65,2014,municipality,1763,Forshaga,22.97,pct,provenance/sweden_public_manifest.json,family_mapped
sweden,age65,2014,municipality,1764,Grums,25.43,pct,provenance/sweden_public_manifest.json,family_mapped
sweden,age65,2014,municipality,1765,Årjäng,23.87,pct,provenance/sweden_public_manifest.json,family_mapped
sweden,age65,2014,municipality,1766,Sunne,24.1,pct,provenance/sweden_public_manifest.json,family_mapped
sweden,age65,2014,municipality,1780,Karlstad,20.14,pct,provenance/sweden_public_manifest.json,family_mapped
sweden,age65,2014,municipality,1781,Kristinehamn,25.44,pct,provenance/sweden_public_manifest.json,family_mapped
sweden,age65,2014,municipality,1782,Filipstad,27.32,pct,provenance/sweden_public_manifest.json,family_mapped
sweden,age65,2014,municipality,1783,Hagfors,28.71,pct,provenance/sweden_public_manifest.json,family_mapped
sweden,age65,2014,municipality,1784,Arvika,24.88,pct,provenance/sweden_public_manifest.json,family_mapped
sweden,age65,2014,municipality,1785,Säffle,27.25,pct,provenance/sweden_public_manifest.json,family_mapped
sweden,age65,2014,municipality,1814,Lekeberg,21.65,pct,provenance/sweden_public_manifest.json,family_mapped
sweden,age65,2014,municipality,1860,Laxå,28.4,pct,provenance/sweden_public_manifest.json,family_mapped
sweden,age65,2014,municipality,1861,Hallsberg,22.66,pct,provenance/sweden_public_manifest.json,family_mapped
sweden,age65,2014,municipality,1862,Degerfors,26.54,pct,provenance/sweden_public_manifest.json,family_mapped
sweden,age65,2014,municipality,1863,Hällefors,28.88,pct,provenance/sweden_public_manifest.json,family_mapped
sweden,age65,2014,municipality,1864,Ljusnarsberg,28.3,pct,provenance/sweden_public_manifest.json,family_mapped
sweden,age65,2014,municipality,1880,Örebro,18.0,pct,provenance/sweden_public_manifest.json,family_mapped
sweden,age65,2014,municipality,1881,Kumla,19.29,pct,provenance/sweden_public_manifest.json,family_mapped
sweden,age65,2014,municipality,1882,Askersund,27.45,pct,provenance/sweden_public_manifest.json,family_mapped
sweden,age65,2014,municipality,1883,Karlskoga,24.63,pct,provenance/sweden_public_manifest.json,family_mapped
sweden,age65,2014,municipality,1884,Nora,26.06,pct,provenance/sweden_public_manifest.json,family_mapped
sweden,age65,2014,municipality,1885,Lindesberg,23.89,pct,provenance/sweden_public_manifest.json,family_mapped
sweden,age65,2014,municipality,1904,Skinnskatteberg,28.47,pct,provenance/sweden_public_manifest.json,family_mapped
sweden,age65,2014,municipality,1907,Surahammar,24.67,pct,provenance/sweden_public_manifest.json,family_mapped
sweden,age65,2014,municipality,1960,Kungsör,24.1,pct,provenance/sweden_public_manifest.json,family_mapped
sweden,age65,2014,municipality,1961,Hallstahammar,24.11,pct,provenance/sweden_public_manifest.json,family_mapped
sweden,age65,2014,municipality,1962,Norberg,25.85,pct,provenance/sweden_public_manifest.json,family_mapped
sweden,age65,2014,municipality,1980,Västerås,19.66,pct,provenance/sweden_public_manifest.json,family_mapped
sweden,age65,2014,municipality,1981,Sala,23.67,pct,provenance/sweden_public_manifest.json,family_mapped
sweden,age65,2014,municipality,1982,Fagersta,23.52,pct,provenance/sweden_public_manifest.json,family_mapped
sweden,age65,2014,municipality,1983,Köping,23.34,pct,provenance/sweden_public_manifest.json,family_mapped
sweden,age65,2014,municipality,1984,Arboga,25.5,pct,provenance/sweden_public_manifest.json,family_mapped
sweden,age65,2014,municipality,2021,Vansbro,26.86,pct,provenance/sweden_public_manifest.json,family_mapped
sweden,age65,2014,municipality,2023,Malung-Sälen,25.89,pct,provenance/sweden_public_manifest.json,family_mapped
sweden,age65,2014,municipality,2026,Gagnef,23.47,pct,provenance/sweden_public_manifest.json,family_mapped
sweden,age65,2014,municipality,2029,Leksand,27.26,pct,provenance/sweden_public_manifest.json,family_mapped
sweden,age65,2014,municipality,2031,Rättvik,31.58,pct,provenance/sweden_public_manifest.json,family_mapped
sweden,age65,2014,municipality,2034,Orsa,26.03,pct,provenance/sweden_public_manifest.json,family_mapped
sweden,age65,2014,municipality,2039,Älvdalen,27.39,pct,provenance/sweden_public_manifest.json,family_mapped
sweden,age65,2014,municipality,2061,Smedjebacken,26.68,pct,provenance/sweden_public_manifest.json,family_mapped
sweden,age65,2014,municipality,2062,Mora,25.43,pct,provenance/sweden_public_manifest.json,family_mapped
sweden,age65,2014,municipality,2080,Falun,21.11,pct,provenance/sweden_public_manifest.json,family_mapped
sweden,age65,2014,municipality,2081,Borlänge,19.78,pct,provenance/sweden_public_manifest.json,family_mapped
sweden,age65,2014,municipality,2082,Säter,23.78,pct,provenance/sweden_public_manifest.json,family_mapped
sweden,age65,2014,municipality,2083,Hedemora,25.02,pct,provenance/sweden_public_manifest.json,family_mapped
sweden,age65,2014,municipality,2084,Avesta,25.0,pct,provenance/sweden_public_manifest.json,family_mapped
sweden,age65,2014,municipality,2085,Ludvika,24.95,pct,provenance/sweden_public_manifest.json,family_mapped
sweden,age65,2014,municipality,2101,Ockelbo,26.08,pct,provenance/sweden_public_manifest.json,family_mapped
sweden,age65,2014,municipality,2104,Hofors,25.81,pct,provenance/sweden_public_manifest.json,family_mapped
sweden,age65,2014,municipality,2121,Ovanåker,27.0,pct,provenance/sweden_public_manifest.json,family_mapped
sweden,age65,2014,municipality,2132,Nordanstig,25.93,pct,provenance/sweden_public_manifest.json,family_mapped
sweden,age65,2014,municipality,2161,Ljusdal,26.23,pct,provenance/sweden_public_manifest.json,family_mapped
sweden,age65,2014,municipality,2180,Gävle,20.0,pct,provenance/sweden_public_manifest.json,family_mapped
sweden,age65,2014,municipality,2181,Sandviken,23.99,pct,provenance/sweden_public_manifest.json,family_mapped
sweden,age65,2014,municipality,2182,Söderhamn,26.61,pct,provenance/sweden_public_manifest.json,family_mapped
sweden,age65,2014,municipality,2183,Bollnäs,25.4,pct,provenance/sweden_public_manifest.json,family_mapped
sweden,age65,2014,municipality,2184,Hudiksvall,24.33,pct,provenance/sweden_public_manifest.json,family_mapped
sweden,age65,2014,municipality,2260,Ånge,26.99,pct,provenance/sweden_public_manifest.json,family_mapped
sweden,age65,2014,municipality,2262,Timrå,22.49,pct,provenance/sweden_public_manifest.json,family_mapped
sweden,age65,2014,municipality,2280,Härnösand,25.53,pct,provenance/sweden_public_manifest.json,family_mapped
sweden,age65,2014,municipality,2281,Sundsvall,21.18,pct,provenance/sweden_public_manifest.json,family_mapped
sweden,age65,2014,municipality,2282,Kramfors,28.63,pct,provenance/sweden_public_manifest.json,family_mapped
sweden,age65,2014,municipality,2283,Sollefteå,27.15,pct,provenance/sweden_public_manifest.json,family_mapped
sweden,age65,2014,municipality,2284,Örnsköldsvik,23.89,pct,provenance/sweden_public_manifest.json,family_mapped
sweden,age65,2014,municipality,2303,Ragunda,29.29,pct,provenance/sweden_public_manifest.json,family_mapped
sweden,age65,2014,municipality,2305,Bräcke,27.83,pct,provenance/sweden_public_manifest.json,family_mapped
sweden,age65,2014,municipality,2309,Krokom,20.79,pct,provenance/sweden_public_manifest.json,family_mapped
sweden,age65,2014,municipality,2313,Strömsund,28.55,pct,provenance/sweden_public_manifest.json,family_mapped
sweden,age65,2014,municipality,2321,Åre,18.32,pct,provenance/sweden_public_manifest.json,family_mapped
sweden,age65,2014,municipality,2326,Berg,28.09,pct,provenance/sweden_public_manifest.json,family_mapped
sweden,age65,2014,municipality,2361,Härjedalen,28.83,pct,provenance/sweden_public_manifest.json,family_mapped
sweden,age65,2014,municipality,2380,Östersund,20.68,pct,provenance/sweden_public_manifest.json,family_mapped
sweden,age65,2014,municipality,2401,Nordmaling,26.88,pct,provenance/sweden_public_manifest.json,family_mapped
sweden,age65,2014,municipality,2403,Bjurholm,30.2,pct,provenance/sweden_public_manifest.json,family_mapped
sweden,age65,2014,municipality,2404,Vindeln,27.75,pct,provenance/sweden_public_manifest.json,family_mapped
sweden,age65,2014,municipality,2409,Robertsfors,24.81,pct,provenance/sweden_public_manifest.json,family_mapped
sweden,age65,2014,municipality,2417,Norsjö,25.94,pct,provenance/sweden_public_manifest.json,family_mapped
sweden,age65,2014,municipality,2418,Malå,25.83,pct,provenance/sweden_public_manifest.json,family_mapped
sweden,age65,2014,municipality,2421,Storuman,28.26,pct,provenance/sweden_public_manifest.json,family_mapped
sweden,age65,2014,municipality,2422,Sorsele,26.82,pct,provenance/sweden_public_manifest.json,family_mapped
sweden,age65,2014,municipality,2425,Dorotea,30.38,pct,provenance/sweden_public_manifest.json,family_mapped
sweden,age65,2014,municipality,2460,Vännäs,21.06,pct,provenance/sweden_public_manifest.json,family_mapped
sweden,age65,2014,municipality,2462,Vilhelmina,24.66,pct,provenance/sweden_public_manifest.json,family_mapped
sweden,age65,2014,municipality,2463,Åsele,30.98,pct,provenance/sweden_public_manifest.json,family_mapped
sweden,age65,2014,municipality,2480,Umeå,16.19,pct,provenance/sweden_public_manifest.json,family_mapped
sweden,age65,2014,municipality,2481,Lycksele,24.51,pct,provenance/sweden_public_manifest.json,family_mapped
sweden,age65,2014,municipality,2482,Skellefteå,22.8,pct,provenance/sweden_public_manifest.json,family_mapped
sweden,age65,2014,municipality,2505,Arvidsjaur,26.72,pct,provenance/sweden_public_manifest.json,family_mapped
sweden,age65,2014,municipality,2506,Arjeplog,27.6,pct,provenance/sweden_public_manifest.json,family_mapped
sweden,age65,2014,municipality,2510,Jokkmokk,27.27,pct,provenance/sweden_public_manifest.json,family_mapped
sweden,age65,2014,municipality,2513,Överkalix,32.76,pct,provenance/sweden_public_manifest.json,family_mapped
sweden,age65,2014,municipality,2514,Kalix,27.47,pct,provenance/sweden_public_manifest.json,family_mapped
sweden,age65,2014,municipality,2518,Övertorneå,29.75,pct,provenance/sweden_public_manifest.json,family_mapped
sweden,age65,2014,municipality,2521,Pajala,31.69,pct,provenance/sweden_public_manifest.json,family_mapped
sweden,age65,2014,municipality,2523,Gällivare,24.29,pct,provenance/sweden_public_manifest.json,family_mapped
sweden,age65,2014,municipality,2560,Älvsbyn,25.76,pct,provenance/sweden_public_manifest.json,family_mapped
sweden,age65,2014,municipality,2580,Luleå,19.58,pct,provenance/sweden_public_manifest.json,family_mapped
sweden,age65,2014,municipality,2581,Piteå,22.39,pct,provenance/sweden_public_manifest.json,family_mapped
sweden,age65,2014,municipality,2582,Boden,23.53,pct,provenance/sweden_public_manifest.json,family_mapped
sweden,age65,2014,municipality,2583,Haparanda,26.02,pct,provenance/sweden_public_manifest.json,family_mapped
sweden,age65,2014,municipality,2584,Kiruna,20.56,pct,provenance/sweden_public_manifest.json,family_mapped
sweden,age65,2018,municipality,0114,Upplands Väsby,16.99,pct,provenance/sweden_public_manifest.json,family_mapped
sweden,age65,2018,municipality,0115,Vallentuna,15.85,pct,provenance/sweden_public_manifest.json,family_mapped
sweden,age65,2018,municipality,0117,Österåker,18.51,pct,provenance/sweden_public_manifest.json,family_mapped
sweden,age65,2018,municipality,0120,Värmdö,16.83,pct,provenance/sweden_public_manifest.json,family_mapped
sweden,age65,2018,municipality,0123,Järfälla,16.88,pct,provenance/sweden_public_manifest.json,family_mapped
sweden,age65,2018,municipality,0125,Ekerö,17.21,pct,provenance/sweden_public_manifest.json,family_mapped
sweden,age65,2018,municipality,0126,Huddinge,13.32,pct,provenance/sweden_public_manifest.json,family_mapped
sweden,age65,2018,municipality,0127,Botkyrka,13.89,pct,provenance/sweden_public_manifest.json,family_mapped
sweden,age65,2018,municipality,0128,Salem,17.49,pct,provenance/sweden_public_manifest.json,family_mapped
sweden,age65,2018,municipality,0136,Haninge,15.29,pct,provenance/sweden_public_manifest.json,family_mapped
sweden,age65,2018,municipality,0138,Tyresö,16.69,pct,provenance/sweden_public_manifest.json,family_mapped
sweden,age65,2018,municipality,0139,Upplands-Bro,15.75,pct,provenance/sweden_public_manifest.json,family_mapped
sweden,age65,2018,municipality,0140,Nykvarn,16.92,pct,provenance/sweden_public_manifest.json,family_mapped
sweden,age65,2018,municipality,0160,Täby,19.18,pct,provenance/sweden_public_manifest.json,family_mapped
sweden,age65,2018,municipality,0162,Danderyd,19.84,pct,provenance/sweden_public_manifest.json,family_mapped
sweden,age65,2018,municipality,0163,Sollentuna,15.91,pct,provenance/sweden_public_manifest.json,family_mapped
sweden,age65,2018,municipality,0180,Stockholm,14.98,pct,provenance/sweden_public_manifest.json,family_mapped
sweden,age65,2018,municipality,0181,Södertälje,16.15,pct,provenance/sweden_public_manifest.json,family_mapped
sweden,age65,2018,municipality,0182,Nacka,16.08,pct,provenance/sweden_public_manifest.json,family_mapped
sweden,age65,2018,municipality,0183,Sundbyberg,12.69,pct,provenance/sweden_public_manifest.json,family_mapped
sweden,age65,2018,municipality,0184,Solna,15.54,pct,provenance/sweden_public_manifest.json,family_mapped
sweden,age65,2018,municipality,0186,Lidingö,20.46,pct,provenance/sweden_public_manifest.json,family_mapped
sweden,age65,2018,municipality,0187,Vaxholm,20.65,pct,provenance/sweden_public_manifest.json,family_mapped
sweden,age65,2018,municipality,0188,Norrtälje,26.9,pct,provenance/sweden_public_manifest.json,family_mapped
sweden,age65,2018,municipality,0191,Sigtuna,14.61,pct,provenance/sweden_public_manifest.json,family_mapped
sweden,age65,2018,municipality,0192,Nynäshamn,22.09,pct,provenance/sweden_public_manifest.json,family_mapped
sweden,age65,2018,municipality,0305,Håbo,17.99,pct,provenance/sweden_public_manifest.json,family_mapped
sweden,age65,2018,municipality,0319,Älvkarleby,24.39,pct,provenance/sweden_public_manifest.json,family_mapped
sweden,age65,2018,municipality,0330,Knivsta,13.58,pct,provenance/sweden_public_manifest.json,family_mapped
sweden,age65,2018,municipality,0331,Heby,24.66,pct,provenance/sweden_public_manifest.json,family_mapped
sweden,age65,2018,municipality,0360,Tierp,23.77,pct,provenance/sweden_public_manifest.json,family_mapped
sweden,age65,2018,municipality,0380,Uppsala,16.86,pct,provenance/sweden_public_manifest.json,family_mapped
sweden,age65,2018,municipality,0381,Enköping,20.99,pct,provenance/sweden_public_manifest.json,family_mapped
sweden,age65,2018,municipality,0382,Östhammar,26.99,pct,provenance/sweden_public_manifest.json,family_mapped
sweden,age65,2018,municipality,0428,Vingåker,26.29,pct,provenance/sweden_public_manifest.json,family_mapped
sweden,age65,2018,municipality,0461,Gnesta,23.5,pct,provenance/sweden_public_manifest.json,family_mapped
sweden,age65,2018,municipality,0480,Nyköping,23.9,pct,provenance/sweden_public_manifest.json,family_mapped
sweden,age65,2018,municipality,0481,Oxelösund,27.94,pct,provenance/sweden_public_manifest.json,family_mapped
sweden,age65,2018,municipality,0482,Flen,27.63,pct,provenance/sweden_public_manifest.json,family_mapped
sweden,age65,2018,municipality,0483,Katrineholm,22.98,pct,provenance/sweden_public_manifest.json,family_mapped
sweden,age65,2018,municipality,0484,Eskilstuna,19.78,pct,provenance/sweden_public_manifest.json,family_mapped
sweden,age65,2018,municipality,0486,Strängnäs,22.8,pct,provenance/sweden_public_manifest.json,family_mapped
sweden,age65,2018,municipality,0488,Trosa,24.44,pct,provenance/sweden_public_manifest.json,family_mapped
sweden,age65,2018,municipality,0509,Ödeshög,27.66,pct,provenance/sweden_public_manifest.json,family_mapped
sweden,age65,2018,municipality,0512,Ydre,28.99,pct,provenance/sweden_public_manifest.json,family_mapped
sweden,age65,2018,municipality,0513,Kinda,26.72,pct,provenance/sweden_public_manifest.json,family_mapped
sweden,age65,2018,municipality,0560,Boxholm,25.89,pct,provenance/sweden_public_manifest.json,family_mapped
sweden,age65,2018,municipality,0561,Åtvidaberg,26.31,pct,provenance/sweden_public_manifest.json,family_mapped
sweden,age65,2018,municipality,0562,Finspång,24.9,pct,provenance/sweden_public_manifest.json,family_mapped
sweden,age65,2018,municipality,0563,Valdemarsvik,31.45,pct,provenance/sweden_public_manifest.json,family_mapped
sweden,age65,2018,municipality,0580,Linköping,17.51,pct,provenance/sweden_public_manifest.json,family_mapped
sweden,age65,2018,municipality,0581,Norrköping,19.21,pct,provenance/sweden_public_manifest.json,family_mapped
sweden,age65,2018,municipality,0582,Söderköping,24.74,pct,provenance/sweden_public_manifest.json,family_mapped
sweden,age65,2018,municipality,0583,Motala,23.05,pct,provenance/sweden_public_manifest.json,family_mapped
sweden,age65,2018,municipality,0584,Vadstena,31.38,pct,provenance/sweden_public_manifest.json,family_mapped
sweden,age65,2018,municipality,0586,Mjölby,21.77,pct,provenance/sweden_public_manifest.json,family_mapped
sweden,age65,2018,municipality,0604,Aneby,22.18,pct,provenance/sweden_public_manifest.json,family_mapped
sweden,age65,2018,municipality,0617,Gnosjö,20.52,pct,provenance/sweden_public_manifest.json,family_mapped
sweden,age65,2018,municipality,0642,Mullsjö,23.77,pct,provenance/sweden_public_manifest.json,family_mapped
sweden,age65,2018,municipality,0643,Habo,17.64,pct,provenance/sweden_public_manifest.json,family_mapped
sweden,age65,2018,municipality,0662,Gislaved,20.42,pct,provenance/sweden_public_manifest.json,family_mapped
sweden,age65,2018,municipality,0665,Vaggeryd,20.08,pct,provenance/sweden_public_manifest.json,family_mapped
sweden,age65,2018,municipality,0680,Jönköping,19.08,pct,provenance/sweden_public_manifest.json,family_mapped
sweden,age65,2018,municipality,0682,Nässjö,21.34,pct,provenance/sweden_public_manifest.json,family_mapped
sweden,age65,2018,municipality,0683,Värnamo,21.2,pct,provenance/sweden_public_manifest.json,family_mapped
sweden,age65,2018,municipality,0684,Sävsjö,23.69,pct,provenance/sweden_public_manifest.json,family_mapped
sweden,age65,2018,municipality,0685,Vetlanda,23.95,pct,provenance/sweden_public_manifest.json,family_mapped
sweden,age65,2018,municipality,0686,Eksjö,24.62,pct,provenance/sweden_public_manifest.json,family_mapped
sweden,age65,2018,municipality,0687,Tranås,24.47,pct,provenance/sweden_public_manifest.json,family_mapped
sweden,age65,2018,municipality,0760,Uppvidinge,24.3,pct,provenance/sweden_public_manifest.json,family_mapped
sweden,age65,2018,municipality,0761,Lessebo,22.94,pct,provenance/sweden_public_manifest.json,family_mapped
sweden,age65,2018,municipality,0763,Tingsryd,28.14,pct,provenance/sweden_public_manifest.json,family_mapped
sweden,age65,2018,municipality,0764,Alvesta,22.43,pct,provenance/sweden_public_manifest.json,family_mapped
sweden,age65,2018,municipality,0765,Älmhult,20.01,pct,provenance/sweden_public_manifest.json,family_mapped
sweden,age65,2018,municipality,0767,Markaryd,25.27,pct,provenance/sweden_public_manifest.json,family_mapped
sweden,age65,2018,municipality,0780,Växjö,18.8,pct,provenance/sweden_public_manifest.json,family_mapped
sweden,age65,2018,municipality,0781,Ljungby,23.47,pct,provenance/sweden_public_manifest.json,family_mapped
sweden,age65,2018,municipality,0821,Högsby,25.43,pct,provenance/sweden_public_manifest.json,family_mapped
sweden,age65,2018,municipality,0834,Torsås,28.26,pct,provenance/sweden_public_manifest.json,family_mapped
sweden,age65,2018,municipality,0840,Mörbylånga,26.81,pct,provenance/sweden_public_manifest.json,family_mapped
sweden,age65,2018,municipality,0860,Hultsfred,26.1,pct,provenance/sweden_public_manifest.json,family_mapped
sweden,age65,2018,municipality,0861,Mönsterås,25.46,pct,provenance/sweden_public_manifest.json,family_mapped
sweden,age65,2018,municipality,0862,Emmaboda,27.02,pct,provenance/sweden_public_manifest.json,family_mapped
sweden,age65,2018,municipality,0880,Kalmar,20.07,pct,provenance/sweden_public_manifest.json,family_mapped
sweden,age65,2018,municipality,0881,Nybro,24.76,pct,provenance/sweden_public_manifest.json,family_mapped
sweden,age65,2018,municipality,0882,Oskarshamn,24.36,pct,provenance/sweden_public_manifest.json,family_mapped
sweden,age65,2018,municipality,0883,Västervik,28.35,pct,provenance/sweden_public_manifest.json,family_mapped
sweden,age65,2018,municipality,0884,Vimmerby,24.77,pct,provenance/sweden_public_manifest.json,family_mapped
sweden,age65,2018,municipality,0885,Borgholm,34.63,pct,provenance/sweden_public_manifest.json,family_mapped
sweden,age65,2018,municipality,0980,Gotland,25.51,pct,provenance/sweden_public_manifest.json,family_mapped
sweden,age65,2018,municipality,1060,Olofström,25.88,pct,provenance/sweden_public_manifest.json,family_mapped
sweden,age65,2018,municipality,1080,Karlskrona,21.79,pct,provenance/sweden_public_manifest.json,family_mapped
sweden,age65,2018,municipality,1081,Ronneby,24.58,pct,provenance/sweden_public_manifest.json,family_mapped
sweden,age65,2018,municipality,1082,Karlshamn,24.75,pct,provenance/sweden_public_manifest.json,family_mapped
sweden,age65,2018,municipality,1083,Sölvesborg,25.7,pct,provenance/sweden_public_manifest.json,family_mapped
sweden,age65,2018,municipality,1214,Svalöv,18.48,pct,provenance/sweden_public_manifest.json,family_mapped
sweden,age65,2018,municipality,1230,Staffanstorp,18.99,pct,provenance/sweden_public_manifest.json,family_mapped
sweden,age65,2018,municipality,1231,Burlöv,17.84,pct,provenance/sweden_public_manifest.json,family_mapped
sweden,age65,2018,municipality,1233,Vellinge,22.71,pct,provenance/sweden_public_manifest.json,family_mapped
sweden,age65,2018,municipality,1256,Östra Göinge,22.14,pct,provenance/sweden_public_manifest.json,family_mapped
sweden,age65,2018,municipality,1257,Örkelljunga,24.17,pct,provenance/sweden_public_manifest.json,family_mapped
sweden,age65,2018,municipality,1260,Bjuv,18.65,pct,provenance/sweden_public_manifest.json,family_mapped
sweden,age65,2018,municipality,1261,Kävlinge,18.83,pct,provenance/sweden_public_manifest.json,family_mapped
sweden,age65,2018,municipality,1262,Lomma,20.65,pct,provenance/sweden_public_manifest.json,family_mapped
sweden,age65,2018,municipality,1263,Svedala,17.99,pct,provenance/sweden_public_manifest.json,family_mapped
sweden,age65,2018,municipality,1264,Skurup,20.73,pct,provenance/sweden_public_manifest.json,family_mapped
sweden,age65,2018,municipality,1265,Sjöbo,23.36,pct,provenance/sweden_public_manifest.json,family_mapped
sweden,age65,2018,municipality,1266,Hörby,22.41,pct,provenance/sweden_public_manifest.json,family_mapped
sweden,age65,2018,municipality,1267,Höör,21.06,pct,provenance/sweden_public_manifest.json,family_mapped
sweden,age65,2018,municipality,1270,Tomelilla,24.87,pct,provenance/sweden_public_manifest.json,family_mapped
sweden,age65,2018,municipality,1272,Bromölla,24.45,pct,provenance/sweden_public_manifest.json,family_mapped
sweden,age65,2018,municipality,1273,Osby,24.93,pct,provenance/sweden_public_manifest.json,family_mapped
sweden,age65,2018,municipality,1275,Perstorp,21.64,pct,provenance/sweden_public_manifest.json,family_mapped
sweden,age65,2018,municipality,1276,Klippan,22.73,pct,provenance/sweden_public_manifest.json,family_mapped
sweden,age65,2018,municipality,1277,Åstorp,18.02,pct,provenance/sweden_public_manifest.json,family_mapped
sweden,age65,2018,municipality,1278,Båstad,30.88,pct,provenance/sweden_public_manifest.json,family_mapped
sweden,age65,2018,municipality,1280,Malmö,15.31,pct,provenance/sweden_public_manifest.json,family_mapped
sweden,age65,2018,municipality,1281,Lund,16.82,pct,provenance/sweden_public_manifest.json,family_mapped
sweden,age65,2018,municipality,1282,Landskrona,20.3,pct,provenance/sweden_public_manifest.json,family_mapped
sweden,age65,2018,municipality,1283,Helsingborg,18.83,pct,provenance/sweden_public_manifest.json,family_mapped
sweden,age65,2018,municipality,1284,Höganäs,26.59,pct,provenance/sweden_public_manifest.json,family_mapped
sweden,age65,2018,municipality,1285,Eslöv,18.79,pct,provenance/sweden_public_manifest.json,family_mapped
sweden,age65,2018,municipality,1286,Ystad,27.34,pct,provenance/sweden_public_manifest.json,family_mapped
sweden,age65,2018,municipality,1287,Trelleborg,21.6,pct,provenance/sweden_public_manifest.json,family_mapped
sweden,age65,2018,municipality,1290,Kristianstad,21.76,pct,provenance/sweden_public_manifest.json,family_mapped
sweden,age65,2018,municipality,1291,Simrishamn,33.52,pct,provenance/sweden_public_manifest.json,family_mapped
sweden,age65,2018,municipality,1292,Ängelholm,23.83,pct,provenance/sweden_public_manifest.json,family_mapped
sweden,age65,2018,municipality,1293,Hässleholm,23.44,pct,provenance/sweden_public_manifest.json,family_mapped
sweden,age65,2018,municipality,1315,Hylte,21.8,pct,provenance/sweden_public_manifest.json,family_mapped
sweden,age65,2018,municipality,1380,Halmstad,20.66,pct,provenance/sweden_public_manifest.json,family_mapped
sweden,age65,2018,municipality,1381,Laholm,25.15,pct,provenance/sweden_public_manifest.json,family_mapped
sweden,age65,2018,municipality,1382,Falkenberg,24.2,pct,provenance/sweden_public_manifest.json,family_mapped
sweden,age65,2018,municipality,1383,Varberg,23.52,pct,provenance/sweden_public_manifest.json,family_mapped
sweden,age65,2018,municipality,1384,Kungsbacka,19.75,pct,provenance/sweden_public_manifest.json,family_mapped
sweden,age65,2018,municipality,1401,Härryda,16.21,pct,provenance/sweden_public_manifest.json,family_mapped
sweden,age65,2018,municipality,1402,Partille,17.08,pct,provenance/sweden_public_manifest.json,family_mapped
sweden,age65,2018,municipality,1407,Öckerö,24.71,pct,provenance/sweden_public_manifest.json,family_mapped
sweden,age65,2018,municipality,1415,Stenungsund,19.55,pct,provenance/sweden_public_manifest.json,family_mapped
sweden,age65,2018,municipality,1419,Tjörn,27.31,pct,provenance/sweden_public_manifest.json,family_mapped
sweden,age65,2018,municipality,1421,Orust,29.94,pct,provenance/sweden_public_manifest.json,family_mapped
sweden,age65,2018,municipality,1427,Sotenäs,32.91,pct,provenance/sweden_public_manifest.json,family_mapped
sweden,age65,2018,municipality,1430,Munkedal,24.95,pct,provenance/sweden_public_manifest.json,family_mapped
sweden,age65,2018,municipality,1435,Tanum,28.53,pct,provenance/sweden_public_manifest.json,family_mapped
sweden,age65,2018,municipality,1438,Dals-Ed,27.36,pct,provenance/sweden_public_manifest.json,family_mapped
sweden,age65,2018,municipality,1439,Färgelanda,25.82,pct,provenance/sweden_public_manifest.json,family_mapped
sweden,age65,2018,municipality,1440,Ale,17.8,pct,provenance/sweden_public_manifest.json,family_mapped
sweden,age65,2018,municipality,1441,Lerum,17.93,pct,provenance/sweden_public_manifest.json,family_mapped
sweden,age65,2018,municipality,1442,Vårgårda,21.19,pct,provenance/sweden_public_manifest.json,family_mapped
sweden,age65,2018,municipality,1443,Bollebygd,20.77,pct,provenance/sweden_public_manifest.json,family_mapped
sweden,age65,2018,municipality,1444,Grästorp,25.49,pct,provenance/sweden_public_manifest.json,family_mapped
sweden,age65,2018,municipality,1445,Essunga,25.85,pct,provenance/sweden_public_manifest.json,family_mapped
sweden,age65,2018,municipality,1446,Karlsborg,30.14,pct,provenance/sweden_public_manifest.json,family_mapped
sweden,age65,2018,municipality,1447,Gullspång,31.02,pct,provenance/sweden_public_manifest.json,family_mapped
sweden,age65,2018,municipality,1452,Tranemo,24.44,pct,provenance/sweden_public_manifest.json,family_mapped
sweden,age65,2018,municipality,1460,Bengtsfors,29.17,pct,provenance/sweden_public_manifest.json,family_mapped
sweden,age65,2018,municipality,1461,Mellerud,27.59,pct,provenance/sweden_public_manifest.json,family_mapped
sweden,age65,2018,municipality,1462,Lilla Edet,19.78,pct,provenance/sweden_public_manifest.json,family_mapped
sweden,age65,2018,municipality,1463,Mark,22.85,pct,provenance/sweden_public_manifest.json,family_mapped
sweden,age65,2018,municipality,1465,Svenljunga,25.19,pct,provenance/sweden_public_manifest.json,family_mapped
sweden,age65,2018,municipality,1466,Herrljunga,24.3,pct,provenance/sweden_public_manifest.json,family_mapped
sweden,age65,2018,municipality,1470,Vara,23.69,pct,provenance/sweden_public_manifest.json,family_mapped
sweden,age65,2018,municipality,1471,Götene,24.93,pct,provenance/sweden_public_manifest.json,family_mapped
sweden,age65,2018,municipality,1472,Tibro,24.53,pct,provenance/sweden_public_manifest.json,family_mapped
sweden,age65,2018,municipality,1473,Töreboda,25.43,pct,provenance/sweden_public_manifest.json,family_mapped
sweden,age65,2018,municipality,1480,Göteborg,15.54,pct,provenance/sweden_public_manifest.json,family_mapped
sweden,age65,2018,municipality,1481,Mölndal,15.88,pct,provenance/sweden_public_manifest.json,family_mapped
sweden,age65,2018,municipality,1482,Kungälv,20.51,pct,provenance/sweden_public_manifest.json,family_mapped
sweden,age65,2018,municipality,1484,Lysekil,29.44,pct,provenance/sweden_public_manifest.json,family_mapped
sweden,age65,2018,municipality,1485,Uddevalla,21.16,pct,provenance/sweden_public_manifest.json,family_mapped
sweden,age65,2018,municipality,1486,Strömstad,22.49,pct,provenance/sweden_public_manifest.json,family_mapped
sweden,age65,2018,municipality,1487,Vänersborg,22.47,pct,provenance/sweden_public_manifest.json,family_mapped
sweden,age65,2018,municipality,1488,Trollhättan,19.15,pct,provenance/sweden_public_manifest.json,family_mapped
sweden,age65,2018,municipality,1489,Alingsås,22.36,pct,provenance/sweden_public_manifest.json,family_mapped
sweden,age65,2018,municipality,1490,Borås,19.35,pct,provenance/sweden_public_manifest.json,family_mapped
sweden,age65,2018,municipality,1491,Ulricehamn,23.68,pct,provenance/sweden_public_manifest.json,family_mapped
sweden,age65,2018,municipality,1492,Åmål,25.99,pct,provenance/sweden_public_manifest.json,family_mapped
sweden,age65,2018,municipality,1493,Mariestad,26.14,pct,provenance/sweden_public_manifest.json,family_mapped
sweden,age65,2018,municipality,1494,Lidköping,22.98,pct,provenance/sweden_public_manifest.json,family_mapped
sweden,age65,2018,municipality,1495,Skara,22.29,pct,provenance/sweden_public_manifest.json,family_mapped
sweden,age65,2018,municipality,1496,Skövde,19.63,pct,provenance/sweden_public_manifest.json,family_mapped
sweden,age65,2018,municipality,1497,Hjo,27.18,pct,provenance/sweden_public_manifest.json,family_mapped
sweden,age65,2018,municipality,1498,Tidaholm,23.55,pct,provenance/sweden_public_manifest.json,family_mapped
sweden,age65,2018,municipality,1499,Falköping,21.96,pct,provenance/sweden_public_manifest.json,family_mapped
sweden,age65,2018,municipality,1715,Kil,24.22,pct,provenance/sweden_public_manifest.json,family_mapped
sweden,age65,2018,municipality,1730,Eda,24.29,pct,provenance/sweden_public_manifest.json,family_mapped
sweden,age65,2018,municipality,1737,Torsby,28.66,pct,provenance/sweden_public_manifest.json,family_mapped
sweden,age65,2018,municipality,1760,Storfors,27.44,pct,provenance/sweden_public_manifest.json,family_mapped
sweden,age65,2018,municipality,1761,Hammarö,19.23,pct,provenance/sweden_public_manifest.json,family_mapped
sweden,age65,2018,municipality,1762,Munkfors,28.56,pct,provenance/sweden_public_manifest.json,family_mapped
sweden,age65,2018,municipality,1763,Forshaga,23.31,pct,provenance/sweden_public_manifest.json,family_mapped
sweden,age65,2018,municipality,1764,Grums,26.08,pct,provenance/sweden_public_manifest.json,family_mapped
sweden,age65,2018,municipality,1765,Årjäng,24.55,pct,provenance/sweden_public_manifest.json,family_mapped
sweden,age65,2018,municipality,1766,Sunne,24.85,pct,provenance/sweden_public_manifest.json,family_mapped
sweden,age65,2018,municipality,1780,Karlstad,20.5,pct,provenance/sweden_public_manifest.json,family_mapped
sweden,age65,2018,municipality,1781,Kristinehamn,26.44,pct,provenance/sweden_public_manifest.json,family_mapped
sweden,age65,2018,municipality,1782,Filipstad,27.33,pct,provenance/sweden_public_manifest.json,family_mapped
sweden,age65,2018,municipality,1783,Hagfors,29.67,pct,provenance/sweden_public_manifest.json,family_mapped
sweden,age65,2018,municipality,1784,Arvika,25.95,pct,provenance/sweden_public_manifest.json,family_mapped
sweden,age65,2018,municipality,1785,Säffle,26.91,pct,provenance/sweden_public_manifest.json,family_mapped
sweden,age65,2018,municipality,1814,Lekeberg,21.4,pct,provenance/sweden_public_manifest.json,family_mapped
sweden,age65,2018,municipality,1860,Laxå,28.79,pct,provenance/sweden_public_manifest.json,family_mapped
sweden,age65,2018,municipality,1861,Hallsberg,22.8,pct,provenance/sweden_public_manifest.json,family_mapped
sweden,age65,2018,municipality,1862,Degerfors,27.72,pct,provenance/sweden_public_manifest.json,family_mapped
sweden,age65,2018,municipality,1863,Hällefors,29.12,pct,provenance/sweden_public_manifest.json,family_mapped
sweden,age65,2018,municipality,1864,Ljusnarsberg,29.82,pct,provenance/sweden_public_manifest.json,family_mapped
sweden,age65,2018,municipality,1880,Örebro,18.05,pct,provenance/sweden_public_manifest.json,family_mapped
sweden,age65,2018,municipality,1881,Kumla,19.91,pct,provenance/sweden_public_manifest.json,family_mapped
sweden,age65,2018,municipality,1882,Askersund,28.35,pct,provenance/sweden_public_manifest.json,family_mapped
sweden,age65,2018,municipality,1883,Karlskoga,24.74,pct,provenance/sweden_public_manifest.json,family_mapped
sweden,age65,2018,municipality,1884,Nora,26.88,pct,provenance/sweden_public_manifest.json,family_mapped
sweden,age65,2018,municipality,1885,Lindesberg,24.58,pct,provenance/sweden_public_manifest.json,family_mapped
sweden,age65,2018,municipality,1904,Skinnskatteberg,29.77,pct,provenance/sweden_public_manifest.json,family_mapped
sweden,age65,2018,municipality,1907,Surahammar,25.41,pct,provenance/sweden_public_manifest.json,family_mapped
sweden,age65,2018,municipality,1960,Kungsör,24.28,pct,provenance/sweden_public_manifest.json,family_mapped
sweden,age65,2018,municipality,1961,Hallstahammar,24.25,pct,provenance/sweden_public_manifest.json,family_mapped
sweden,age65,2018,municipality,1962,Norberg,26.93,pct,provenance/sweden_public_manifest.json,family_mapped
sweden,age65,2018,municipality,1980,Västerås,19.6,pct,provenance/sweden_public_manifest.json,family_mapped
sweden,age65,2018,municipality,1981,Sala,24.77,pct,provenance/sweden_public_manifest.json,family_mapped
sweden,age65,2018,municipality,1982,Fagersta,23.5,pct,provenance/sweden_public_manifest.json,family_mapped
sweden,age65,2018,municipality,1983,Köping,23.76,pct,provenance/sweden_public_manifest.json,family_mapped
sweden,age65,2018,municipality,1984,Arboga,25.56,pct,provenance/sweden_public_manifest.json,family_mapped
sweden,age65,2018,municipality,2021,Vansbro,27.5,pct,provenance/sweden_public_manifest.json,family_mapped
sweden,age65,2018,municipality,2023,Malung-Sälen,26.16,pct,provenance/sweden_public_manifest.json,family_mapped
sweden,age65,2018,municipality,2026,Gagnef,24.85,pct,provenance/sweden_public_manifest.json,family_mapped
sweden,age65,2018,municipality,2029,Leksand,28.41,pct,provenance/sweden_public_manifest.json,family_mapped
sweden,age65,2018,municipality,2031,Rättvik,32.94,pct,provenance/sweden_public_manifest.json,family_mapped
sweden,age65,2018,municipality,2034,Orsa,27.48,pct,provenance/sweden_public_manifest.json,family_mapped
sweden,age65,2018,municipality,2039,Älvdalen,28.16,pct,provenance/sweden_public_manifest.json,family_mapped
sweden,age65,2018,municipality,2061,Smedjebacken,28.11,pct,provenance/sweden_public_manifest.json,family_mapped
sweden,age65,2018,municipality,2062,Mora,27.05,pct,provenance/sweden_public_manifest.json,family_mapped
sweden,age65,2018,municipality,2080,Falun,22.13,pct,provenance/sweden_public_manifest.json,family_mapped
sweden,age65,2018,municipality,2081,Borlänge,19.93,pct,provenance/sweden_public_manifest.json,family_mapped
sweden,age65,2018,municipality,2082,Säter,25.61,pct,provenance/sweden_public_manifest.json,family_mapped
sweden,age65,2018,municipality,2083,Hedemora,25.55,pct,provenance/sweden_public_manifest.json,family_mapped
sweden,age65,2018,municipality,2084,Avesta,24.72,pct,provenance/sweden_public_manifest.json,family_mapped
sweden,age65,2018,municipality,2085,Ludvika,24.31,pct,provenance/sweden_public_manifest.json,family_mapped
sweden,age65,2018,municipality,2101,Ockelbo,27.66,pct,provenance/sweden_public_manifest.json,family_mapped
sweden,age65,2018,municipality,2104,Hofors,26.17,pct,provenance/sweden_public_manifest.json,family_mapped
sweden,age65,2018,municipality,2121,Ovanåker,27.56,pct,provenance/sweden_public_manifest.json,family_mapped
sweden,age65,2018,municipality,2132,Nordanstig,27.06,pct,provenance/sweden_public_manifest.json,family_mapped
sweden,age65,2018,municipality,2161,Ljusdal,27.12,pct,provenance/sweden_public_manifest.json,family_mapped
sweden,age65,2018,municipality,2180,Gävle,20.46,pct,provenance/sweden_public_manifest.json,family_mapped
sweden,age65,2018,municipality,2181,Sandviken,23.94,pct,provenance/sweden_public_manifest.json,family_mapped
sweden,age65,2018,municipality,2182,Söderhamn,27.41,pct,provenance/sweden_public_manifest.json,family_mapped
sweden,age65,2018,municipality,2183,Bollnäs,25.54,pct,provenance/sweden_public_manifest.json,family_mapped
sweden,age65,2018,municipality,2184,Hudiksvall,25.56,pct,provenance/sweden_public_manifest.json,family_mapped
sweden,age65,2018,municipality,2260,Ånge,27.52,pct,provenance/sweden_public_manifest.json,family_mapped
sweden,age65,2018,municipality,2262,Timrå,23.09,pct,provenance/sweden_public_manifest.json,family_mapped
sweden,age65,2018,municipality,2280,Härnösand,25.98,pct,provenance/sweden_public_manifest.json,family_mapped
sweden,age65,2018,municipality,2281,Sundsvall,21.75,pct,provenance/sweden_public_manifest.json,family_mapped
sweden,age65,2018,municipality,2282,Kramfors,28.91,pct,provenance/sweden_public_manifest.json,family_mapped
sweden,age65,2018,municipality,2283,Sollefteå,28.12,pct,provenance/sweden_public_manifest.json,family_mapped
sweden,age65,2018,municipality,2284,Örnsköldsvik,24.55,pct,provenance/sweden_public_manifest.json,family_mapped
sweden,age65,2018,municipality,2303,Ragunda,29.27,pct,provenance/sweden_public_manifest.json,family_mapped
sweden,age65,2018,municipality,2305,Bräcke,28.21,pct,provenance/sweden_public_manifest.json,family_mapped
sweden,age65,2018,municipality,2309,Krokom,21.59,pct,provenance/sweden_public_manifest.json,family_mapped
sweden,age65,2018,municipality,2313,Strömsund,29.41,pct,provenance/sweden_public_manifest.json,family_mapped
sweden,age65,2018,municipality,2321,Åre,17.51,pct,provenance/sweden_public_manifest.json,family_mapped
sweden,age65,2018,municipality,2326,Berg,28.5,pct,provenance/sweden_public_manifest.json,family_mapped
sweden,age65,2018,municipality,2361,Härjedalen,29.36,pct,provenance/sweden_public_manifest.json,family_mapped
sweden,age65,2018,municipality,2380,Östersund,21.42,pct,provenance/sweden_public_manifest.json,family_mapped
sweden,age65,2018,municipality,2401,Nordmaling,27.5,pct,provenance/sweden_public_manifest.json,family_mapped
sweden,age65,2018,municipality,2403,Bjurholm,29.98,pct,provenance/sweden_public_manifest.json,family_mapped
sweden,age65,2018,municipality,2404,Vindeln,28.08,pct,provenance/sweden_public_manifest.json,family_mapped
sweden,age65,2018,municipality,2409,Robertsfors,25.86,pct,provenance/sweden_public_manifest.json,family_mapped
sweden,age65,2018,municipality,2417,Norsjö,27.75,pct,provenance/sweden_public_manifest.json,family_mapped
sweden,age65,2018,municipality,2418,Malå,27.73,pct,provenance/sweden_public_manifest.json,family_mapped
sweden,age65,2018,municipality,2421,Storuman,28.69,pct,provenance/sweden_public_manifest.json,family_mapped
sweden,age65,2018,municipality,2422,Sorsele,28.66,pct,provenance/sweden_public_manifest.json,family_mapped
sweden,age65,2018,municipality,2425,Dorotea,31.42,pct,provenance/sweden_public_manifest.json,family_mapped
sweden,age65,2018,municipality,2460,Vännäs,21.46,pct,provenance/sweden_public_manifest.json,family_mapped
sweden,age65,2018,municipality,2462,Vilhelmina,26.16,pct,provenance/sweden_public_manifest.json,family_mapped
sweden,age65,2018,municipality,2463,Åsele,30.85,pct,provenance/sweden_public_manifest.json,family_mapped
sweden,age65,2018,municipality,2480,Umeå,16.85,pct,provenance/sweden_public_manifest.json,family_mapped
sweden,age65,2018,municipality,2481,Lycksele,24.76,pct,provenance/sweden_public_manifest.json,family_mapped
sweden,age65,2018,municipality,2482,Skellefteå,23.69,pct,provenance/sweden_public_manifest.json,family_mapped
sweden,age65,2018,municipality,2505,Arvidsjaur,27.22,pct,provenance/sweden_public_manifest.json,family_mapped
sweden,age65,2018,municipality,2506,Arjeplog,28.25,pct,provenance/sweden_public_manifest.json,family_mapped
sweden,age65,2018,municipality,2510,Jokkmokk,27.83,pct,provenance/sweden_public_manifest.json,family_mapped
sweden,age65,2018,municipality,2513,Överkalix,33.86,pct,provenance/sweden_public_manifest.json,family_mapped
sweden,age65,2018,municipality,2514,Kalix,28.57,pct,provenance/sweden_public_manifest.json,family_mapped
sweden,age65,2018,municipality,2518,Övertorneå,33.68,pct,provenance/sweden_public_manifest.json,family_mapped
sweden,age65,2018,municipality,2521,Pajala,34.66,pct,provenance/sweden_public_manifest.json,family_mapped
sweden,age65,2018,municipality,2523,Gällivare,25.29,pct,provenance/sweden_public_manifest.json,family_mapped
sweden,age65,2018,municipality,2560,Älvsbyn,26.3,pct,provenance/sweden_public_manifest.json,family_mapped
sweden,age65,2018,municipality,2580,Luleå,20.6,pct,provenance/sweden_public_manifest.json,family_mapped
sweden,age65,2018,municipality,2581,Piteå,23.68,pct,provenance/sweden_public_manifest.json,family_mapped
sweden,age65,2018,municipality,2582,Boden,24.88,pct,provenance/sweden_public_manifest.json,family_mapped
sweden,age65,2018,municipality,2583,Haparanda,28.78,pct,provenance/sweden_public_manifest.json,family_mapped
sweden,age65,2018,municipality,2584,Kiruna,21.2,pct,provenance/sweden_public_manifest.json,family_mapped
sweden,age65,2022,municipality,0114,Upplands Väsby,16.55,pct,provenance/sweden_public_manifest.json,family_mapped
sweden,age65,2022,municipality,0115,Vallentuna,16.25,pct,provenance/sweden_public_manifest.json,family_mapped
sweden,age65,2022,municipality,0117,Österåker,18.46,pct,provenance/sweden_public_manifest.json,family_mapped
sweden,age65,2022,municipality,0120,Värmdö,18.23,pct,provenance/sweden_public_manifest.json,family_mapped
sweden,age65,2022,municipality,0123,Järfälla,16.17,pct,provenance/sweden_public_manifest.json,family_mapped
sweden,age65,2022,municipality,0125,Ekerö,17.71,pct,provenance/sweden_public_manifest.json,family_mapped
sweden,age65,2022,municipality,0126,Huddinge,14.08,pct,provenance/sweden_public_manifest.json,family_mapped
sweden,age65,2022,municipality,0127,Botkyrka,14.56,pct,provenance/sweden_public_manifest.json,family_mapped
sweden,age65,2022,municipality,0128,Salem,17.46,pct,provenance/sweden_public_manifest.json,family_mapped
sweden,age65,2022,municipality,0136,Haninge,14.91,pct,provenance/sweden_public_manifest.json,family_mapped
sweden,age65,2022,municipality,0138,Tyresö,17.12,pct,provenance/sweden_public_manifest.json,family_mapped
sweden,age65,2022,municipality,0139,Upplands-Bro,15.05,pct,provenance/sweden_public_manifest.json,family_mapped
sweden,age65,2022,municipality,0140,Nykvarn,16.95,pct,provenance/sweden_public_manifest.json,family_mapped
sweden,age65,2022,municipality,0160,Täby,18.97,pct,provenance/sweden_public_manifest.json,family_mapped
sweden,age65,2022,municipality,0162,Danderyd,20.47,pct,provenance/sweden_public_manifest.json,family_mapped
sweden,age65,2022,municipality,0163,Sollentuna,15.94,pct,provenance/sweden_public_manifest.json,family_mapped
sweden,age65,2022,municipality,0180,Stockholm,15.87,pct,provenance/sweden_public_manifest.json,family_mapped
sweden,age65,2022,municipality,0181,Södertälje,16.17,pct,provenance/sweden_public_manifest.json,family_mapped
sweden,age65,2022,municipality,0182,Nacka,16.86,pct,provenance/sweden_public_manifest.json,family_mapped
sweden,age65,2022,municipality,0183,Sundbyberg,13.13,pct,provenance/sweden_public_manifest.json,family_mapped
sweden,age65,2022,municipality,0184,Solna,15.28,pct,provenance/sweden_public_manifest.json,family_mapped
sweden,age65,2022,municipality,0186,Lidingö,21.12,pct,provenance/sweden_public_manifest.json,family_mapped
sweden,age65,2022,municipality,0187,Vaxholm,23.16,pct,provenance/sweden_public_manifest.json,family_mapped
sweden,age65,2022,municipality,0188,Norrtälje,27.87,pct,provenance/sweden_public_manifest.json,family_mapped
sweden,age65,2022,municipality,0191,Sigtuna,14.56,pct,provenance/sweden_public_manifest.json,family_mapped
sweden,age65,2022,municipality,0192,Nynäshamn,22.46,pct,provenance/sweden_public_manifest.json,family_mapped
sweden,age65,2022,municipality,0305,Håbo,17.99,pct,provenance/sweden_public_manifest.json,family_mapped
sweden,age65,2022,municipality,0319,Älvkarleby,24.93,pct,provenance/sweden_public_manifest.json,family_mapped
sweden,age65,2022,municipality,0330,Knivsta,13.9,pct,provenance/sweden_public_manifest.json,family_mapped
sweden,age65,2022,municipality,0331,Heby,24.98,pct,provenance/sweden_public_manifest.json,family_mapped
sweden,age65,2022,municipality,0360,Tierp,24.38,pct,provenance/sweden_public_manifest.json,family_mapped
sweden,age65,2022,municipality,0380,Uppsala,17.08,pct,provenance/sweden_public_manifest.json,family_mapped
sweden,age65,2022,municipality,0381,Enköping,20.77,pct,provenance/sweden_public_manifest.json,family_mapped
sweden,age65,2022,municipality,0382,Östhammar,28.64,pct,provenance/sweden_public_manifest.json,family_mapped
sweden,age65,2022,municipality,0428,Vingåker,27.31,pct,provenance/sweden_public_manifest.json,family_mapped
sweden,age65,2022,municipality,0461,Gnesta,24.24,pct,provenance/sweden_public_manifest.json,family_mapped
sweden,age65,2022,municipality,0480,Nyköping,24.12,pct,provenance/sweden_public_manifest.json,family_mapped
sweden,age65,2022,municipality,0481,Oxelösund,28.29,pct,provenance/sweden_public_manifest.json,family_mapped
sweden,age65,2022,municipality,0482,Flen,29.22,pct,provenance/sweden_public_manifest.json,family_mapped
sweden,age65,2022,municipality,0483,Katrineholm,23.78,pct,provenance/sweden_public_manifest.json,family_mapped
sweden,age65,2022,municipality,0484,Eskilstuna,20.27,pct,provenance/sweden_public_manifest.json,family_mapped
sweden,age65,2022,municipality,0486,Strängnäs,23.02,pct,provenance/sweden_public_manifest.json,family_mapped
sweden,age65,2022,municipality,0488,Trosa,24.93,pct,provenance/sweden_public_manifest.json,family_mapped
sweden,age65,2022,municipality,0509,Ödeshög,28.72,pct,provenance/sweden_public_manifest.json,family_mapped
sweden,age65,2022,municipality,0512,Ydre,32.26,pct,provenance/sweden_public_manifest.json,family_mapped
sweden,age65,2022,municipality,0513,Kinda,27.51,pct,provenance/sweden_public_manifest.json,family_mapped
sweden,age65,2022,municipality,0560,Boxholm,27.14,pct,provenance/sweden_public_manifest.json,family_mapped
sweden,age65,2022,municipality,0561,Åtvidaberg,26.96,pct,provenance/sweden_public_manifest.json,family_mapped
sweden,age65,2022,municipality,0562,Finspång,25.08,pct,provenance/sweden_public_manifest.json,family_mapped
sweden,age65,2022,municipality,0563,Valdemarsvik,32.99,pct,provenance/sweden_public_manifest.json,family_mapped
sweden,age65,2022,municipality,0580,Linköping,17.82,pct,provenance/sweden_public_manifest.json,family_mapped
sweden,age65,2022,municipality,0581,Norrköping,19.6,pct,provenance/sweden_public_manifest.json,family_mapped
sweden,age65,2022,municipality,0582,Söderköping,26.02,pct,provenance/sweden_public_manifest.json,family_mapped
sweden,age65,2022,municipality,0583,Motala,24.31,pct,provenance/sweden_public_manifest.json,family_mapped
sweden,age65,2022,municipality,0584,Vadstena,33.26,pct,provenance/sweden_public_manifest.json,family_mapped
sweden,age65,2022,municipality,0586,Mjölby,21.79,pct,provenance/sweden_public_manifest.json,family_mapped
sweden,age65,2022,municipality,0604,Aneby,23.93,pct,provenance/sweden_public_manifest.json,family_mapped
sweden,age65,2022,municipality,0617,Gnosjö,22.08,pct,provenance/sweden_public_manifest.json,family_mapped
sweden,age65,2022,municipality,0642,Mullsjö,24.45,pct,provenance/sweden_public_manifest.json,family_mapped
sweden,age65,2022,municipality,0643,Habo,18.36,pct,provenance/sweden_public_manifest.json,family_mapped
sweden,age65,2022,municipality,0662,Gislaved,21.49,pct,provenance/sweden_public_manifest.json,family_mapped
sweden,age65,2022,municipality,0665,Vaggeryd,20.03,pct,provenance/sweden_public_manifest.json,family_mapped
sweden,age65,2022,municipality,0680,Jönköping,19.08,pct,provenance/sweden_public_manifest.json,family_mapped
sweden,age65,2022,municipality,0682,Nässjö,21.85,pct,provenance/sweden_public_manifest.json,family_mapped
sweden,age65,2022,municipality,0683,Värnamo,22.29,pct,provenance/sweden_public_manifest.json,family_mapped
sweden,age65,2022,municipality,0684,Sävsjö,23.65,pct,provenance/sweden_public_manifest.json,family_mapped
sweden,age65,2022,municipality,0685,Vetlanda,24.69,pct,provenance/sweden_public_manifest.json,family_mapped
sweden,age65,2022,municipality,0686,Eksjö,25.67,pct,provenance/sweden_public_manifest.json,family_mapped
sweden,age65,2022,municipality,0687,Tranås,25.03,pct,provenance/sweden_public_manifest.json,family_mapped
sweden,age65,2022,municipality,0760,Uppvidinge,24.65,pct,provenance/sweden_public_manifest.json,family_mapped
sweden,age65,2022,municipality,0761,Lessebo,24.77,pct,provenance/sweden_public_manifest.json,family_mapped
sweden,age65,2022,municipality,0763,Tingsryd,28.81,pct,provenance/sweden_public_manifest.json,family_mapped
sweden,age65,2022,municipality,0764,Alvesta,22.95,pct,provenance/sweden_public_manifest.json,family_mapped
sweden,age65,2022,municipality,0765,Älmhult,20.12,pct,provenance/sweden_public_manifest.json,family_mapped
sweden,age65,2022,municipality,0767,Markaryd,25.54,pct,provenance/sweden_public_manifest.json,family_mapped
sweden,age65,2022,municipality,0780,Växjö,18.94,pct,provenance/sweden_public_manifest.json,family_mapped
sweden,age65,2022,municipality,0781,Ljungby,24.39,pct,provenance/sweden_public_manifest.json,family_mapped
sweden,age65,2022,municipality,0821,Högsby,28.39,pct,provenance/sweden_public_manifest.json,family_mapped
sweden,age65,2022,municipality,0834,Torsås,29.56,pct,provenance/sweden_public_manifest.json,family_mapped
sweden,age65,2022,municipality,0840,Mörbylånga,28.52,pct,provenance/sweden_public_manifest.json,family_mapped
sweden,age65,2022,municipality,0860,Hultsfred,27.49,pct,provenance/sweden_public_manifest.json,family_mapped
sweden,age65,2022,municipality,0861,Mönsterås,27.26,pct,provenance/sweden_public_manifest.json,family_mapped
sweden,age65,2022,municipality,0862,Emmaboda,28.2,pct,provenance/sweden_public_manifest.json,family_mapped
sweden,age65,2022,municipality,0880,Kalmar,20.34,pct,provenance/sweden_public_manifest.json,family_mapped
sweden,age65,2022,municipality,0881,Nybro,25.41,pct,provenance/sweden_public_manifest.json,family_mapped
sweden,age65,2022,municipality,0882,Oskarshamn,24.99,pct,provenance/sweden_public_manifest.json,family_mapped
sweden,age65,2022,municipality,0883,Västervik,30.07,pct,provenance/sweden_public_manifest.json,family_mapped
sweden,age65,2022,municipality,0884,Vimmerby,26.0,pct,provenance/sweden_public_manifest.json,family_mapped
sweden,age65,2022,municipality,0885,Borgholm,38.14,pct,provenance/sweden_public_manifest.json,family_mapped
sweden,age65,2022,municipality,0980,Gotland,26.95,pct,provenance/sweden_public_manifest.json,family_mapped
sweden,age65,2022,municipality,1060,Olofström,26.92,pct,provenance/sweden_public_manifest.json,family_mapped
sweden,age65,2022,municipality,1080,Karlskrona,22.57,pct,provenance/sweden_public_manifest.json,family_mapped
sweden,age65,2022,municipality,1081,Ronneby,25.43,pct,provenance/sweden_public_manifest.json,family_mapped
sweden,age65,2022,municipality,1082,Karlshamn,25.52,pct,provenance/sweden_public_manifest.json,family_mapped
sweden,age65,2022,municipality,1083,Sölvesborg,27.02,pct,provenance/sweden_public_manifest.json,family_mapped
sweden,age65,2022,municipality,1214,Svalöv,18.52,pct,provenance/sweden_public_manifest.json,family_mapped
sweden,age65,2022,municipality,1230,Staffanstorp,17.89,pct,provenance/sweden_public_manifest.json,family_mapped
sweden,age65,2022,municipality,1231,Burlöv,17.14,pct,provenance/sweden_public_manifest.json,family_mapped
sweden,age65,2022,municipality,1233,Vellinge,23.05,pct,provenance/sweden_public_manifest.json,family_mapped
sweden,age65,2022,municipality,1256,Östra Göinge,23.02,pct,provenance/sweden_public_manifest.json,family_mapped
sweden,age65,2022,municipality,1257,Örkelljunga,23.99,pct,provenance/sweden_public_manifest.json,family_mapped
sweden,age65,2022,municipality,1260,Bjuv,18.77,pct,provenance/sweden_public_manifest.json,family_mapped
sweden,age65,2022,municipality,1261,Kävlinge,18.97,pct,provenance/sweden_public_manifest.json,family_mapped
sweden,age65,2022,municipality,1262,Lomma,21.35,pct,provenance/sweden_public_manifest.json,family_mapped
sweden,age65,2022,municipality,1263,Svedala,17.69,pct,provenance/sweden_public_manifest.json,family_mapped
sweden,age65,2022,municipality,1264,Skurup,20.83,pct,provenance/sweden_public_manifest.json,family_mapped
sweden,age65,2022,municipality,1265,Sjöbo,23.65,pct,provenance/sweden_public_manifest.json,family_mapped
sweden,age65,2022,municipality,1266,Hörby,23.31,pct,provenance/sweden_public_manifest.json,family_mapped
sweden,age65,2022,municipality,1267,Höör,21.72,pct,provenance/sweden_public_manifest.json,family_mapped
sweden,age65,2022,municipality,1270,Tomelilla,26.22,pct,provenance/sweden_public_manifest.json,family_mapped
sweden,age65,2022,municipality,1272,Bromölla,24.87,pct,provenance/sweden_public_manifest.json,family_mapped
sweden,age65,2022,municipality,1273,Osby,25.91,pct,provenance/sweden_public_manifest.json,family_mapped
sweden,age65,2022,municipality,1275,Perstorp,21.97,pct,provenance/sweden_public_manifest.json,family_mapped
sweden,age65,2022,municipality,1276,Klippan,22.65,pct,provenance/sweden_public_manifest.json,family_mapped
sweden,age65,2022,municipality,1277,Åstorp,17.73,pct,provenance/sweden_public_manifest.json,family_mapped
sweden,age65,2022,municipality,1278,Båstad,31.5,pct,provenance/sweden_public_manifest.json,family_mapped
sweden,age65,2022,municipality,1280,Malmö,15.29,pct,provenance/sweden_public_manifest.json,family_mapped
sweden,age65,2022,municipality,1281,Lund,17.33,pct,provenance/sweden_public_manifest.json,family_mapped
sweden,age65,2022,municipality,1282,Landskrona,20.99,pct,provenance/sweden_public_manifest.json,family_mapped
sweden,age65,2022,municipality,1283,Helsingborg,19.13,pct,provenance/sweden_public_manifest.json,family_mapped
sweden,age65,2022,municipality,1284,Höganäs,27.28,pct,provenance/sweden_public_manifest.json,family_mapped
sweden,age65,2022,municipality,1285,Eslöv,18.88,pct,provenance/sweden_public_manifest.json,family_mapped
sweden,age65,2022,municipality,1286,Ystad,28.49,pct,provenance/sweden_public_manifest.json,family_mapped
sweden,age65,2022,municipality,1287,Trelleborg,21.72,pct,provenance/sweden_public_manifest.json,family_mapped
sweden,age65,2022,municipality,1290,Kristianstad,22.36,pct,provenance/sweden_public_manifest.json,family_mapped
sweden,age65,2022,municipality,1291,Simrishamn,35.74,pct,provenance/sweden_public_manifest.json,family_mapped
sweden,age65,2022,municipality,1292,Ängelholm,24.27,pct,provenance/sweden_public_manifest.json,family_mapped
sweden,age65,2022,municipality,1293,Hässleholm,23.66,pct,provenance/sweden_public_manifest.json,family_mapped
sweden,age65,2022,municipality,1315,Hylte,23.49,pct,provenance/sweden_public_manifest.json,family_mapped
sweden,age65,2022,municipality,1380,Halmstad,20.82,pct,provenance/sweden_public_manifest.json,family_mapped
sweden,age65,2022,municipality,1381,Laholm,26.16,pct,provenance/sweden_public_manifest.json,family_mapped
sweden,age65,2022,municipality,1382,Falkenberg,25.03,pct,provenance/sweden_public_manifest.json,family_mapped
sweden,age65,2022,municipality,1383,Varberg,24.59,pct,provenance/sweden_public_manifest.json,family_mapped
sweden,age65,2022,municipality,1384,Kungsbacka,20.54,pct,provenance/sweden_public_manifest.json,family_mapped
sweden,age65,2022,municipality,1401,Härryda,16.7,pct,provenance/sweden_public_manifest.json,family_mapped
sweden,age65,2022,municipality,1402,Partille,17.29,pct,provenance/sweden_public_manifest.json,family_mapped
sweden,age65,2022,municipality,1407,Öckerö,27.25,pct,provenance/sweden_public_manifest.json,family_mapped
sweden,age65,2022,municipality,1415,Stenungsund,20.37,pct,provenance/sweden_public_manifest.json,family_mapped
sweden,age65,2022,municipality,1419,Tjörn,29.27,pct,provenance/sweden_public_manifest.json,family_mapped
sweden,age65,2022,municipality,1421,Orust,31.4,pct,provenance/sweden_public_manifest.json,family_mapped
sweden,age65,2022,municipality,1427,Sotenäs,35.71,pct,provenance/sweden_public_manifest.json,family_mapped
sweden,age65,2022,municipality,1430,Munkedal,25.56,pct,provenance/sweden_public_manifest.json,family_mapped
sweden,age65,2022,municipality,1435,Tanum,30.04,pct,provenance/sweden_public_manifest.json,family_mapped
sweden,age65,2022,municipality,1438,Dals-Ed,28.76,pct,provenance/sweden_public_manifest.json,family_mapped
sweden,age65,2022,municipality,1439,Färgelanda,26.71,pct,provenance/sweden_public_manifest.json,family_mapped
sweden,age65,2022,municipality,1440,Ale,17.56,pct,provenance/sweden_public_manifest.json,family_mapped
sweden,age65,2022,municipality,1441,Lerum,18.01,pct,provenance/sweden_public_manifest.json,family_mapped
sweden,age65,2022,municipality,1442,Vårgårda,21.17,pct,provenance/sweden_public_manifest.json,family_mapped
sweden,age65,2022,municipality,1443,Bollebygd,21.68,pct,provenance/sweden_public_manifest.json,family_mapped
sweden,age65,2022,municipality,1444,Grästorp,26.99,pct,provenance/sweden_public_manifest.json,family_mapped
sweden,age65,2022,municipality,1445,Essunga,26.84,pct,provenance/sweden_public_manifest.json,family_mapped
sweden,age65,2022,municipality,1446,Karlsborg,30.38,pct,provenance/sweden_public_manifest.json,family_mapped
sweden,age65,2022,municipality,1447,Gullspång,33.06,pct,provenance/sweden_public_manifest.json,family_mapped
sweden,age65,2022,municipality,1452,Tranemo,25.15,pct,provenance/sweden_public_manifest.json,family_mapped
sweden,age65,2022,municipality,1460,Bengtsfors,30.72,pct,provenance/sweden_public_manifest.json,family_mapped
sweden,age65,2022,municipality,1461,Mellerud,28.39,pct,provenance/sweden_public_manifest.json,family_mapped
sweden,age65,2022,municipality,1462,Lilla Edet,20.66,pct,provenance/sweden_public_manifest.json,family_mapped
sweden,age65,2022,municipality,1463,Mark,23.43,pct,provenance/sweden_public_manifest.json,family_mapped
sweden,age65,2022,municipality,1465,Svenljunga,25.69,pct,provenance/sweden_public_manifest.json,family_mapped
sweden,age65,2022,municipality,1466,Herrljunga,25.41,pct,provenance/sweden_public_manifest.json,family_mapped
sweden,age65,2022,municipality,1470,Vara,24.63,pct,provenance/sweden_public_manifest.json,family_mapped
sweden,age65,2022,municipality,1471,Götene,26.44,pct,provenance/sweden_public_manifest.json,family_mapped
sweden,age65,2022,municipality,1472,Tibro,24.93,pct,provenance/sweden_public_manifest.json,family_mapped
sweden,age65,2022,municipality,1473,Töreboda,27.02,pct,provenance/sweden_public_manifest.json,family_mapped
sweden,age65,2022,municipality,1480,Göteborg,15.88,pct,provenance/sweden_public_manifest.json,family_mapped
sweden,age65,2022,municipality,1481,Mölndal,16.15,pct,provenance/sweden_public_manifest.json,family_mapped
sweden,age65,2022,municipality,1482,Kungälv,20.44,pct,provenance/sweden_public_manifest.json,family_mapped
sweden,age65,2022,municipality,1484,Lysekil,31.73,pct,provenance/sweden_public_manifest.json,family_mapped
sweden,age65,2022,municipality,1485,Uddevalla,22.0,pct,provenance/sweden_public_manifest.json,family_mapped
sweden,age65,2022,municipality,1486,Strömstad,23.58,pct,provenance/sweden_public_manifest.json,family_mapped
sweden,age65,2022,municipality,1487,Vänersborg,23.42,pct,provenance/sweden_public_manifest.json,family_mapped
sweden,age65,2022,municipality,1488,Trollhättan,19.44,pct,provenance/sweden_public_manifest.json,family_mapped
sweden,age65,2022,municipality,1489,Alingsås,23.04,pct,provenance/sweden_public_manifest.json,family_mapped
sweden,age65,2022,municipality,1490,Borås,19.53,pct,provenance/sweden_public_manifest.json,family_mapped
sweden,age65,2022,municipality,1491,Ulricehamn,24.32,pct,provenance/sweden_public_manifest.json,family_mapped
sweden,age65,2022,municipality,1492,Åmål,27.96,pct,provenance/sweden_public_manifest.json,family_mapped
sweden,age65,2022,municipality,1493,Mariestad,26.74,pct,provenance/sweden_public_manifest.json,family_mapped
sweden,age65,2022,municipality,1494,Lidköping,24.1,pct,provenance/sweden_public_manifest.json,family_mapped
sweden,age65,2022,municipality,1495,Skara,23.17,pct,provenance/sweden_public_manifest.json,family_mapped
sweden,age65,2022,municipality,1496,Skövde,19.93,pct,provenance/sweden_public_manifest.json,family_mapped
sweden,age65,2022,municipality,1497,Hjo,27.71,pct,provenance/sweden_public_manifest.json,family_mapped
sweden,age65,2022,municipality,1498,Tidaholm,24.86,pct,provenance/sweden_public_manifest.json,family_mapped
sweden,age65,2022,municipality,1499,Falköping,22.76,pct,provenance/sweden_public_manifest.json,family_mapped
sweden,age65,2022,municipality,1715,Kil,25.2,pct,provenance/sweden_public_manifest.json,family_mapped
sweden,age65,2022,municipality,1730,Eda,25.52,pct,provenance/sweden_public_manifest.json,family_mapped
sweden,age65,2022,municipality,1737,Torsby,30.27,pct,provenance/sweden_public_manifest.json,family_mapped
sweden,age65,2022,municipality,1760,Storfors,30.99,pct,provenance/sweden_public_manifest.json,family_mapped
sweden,age65,2022,municipality,1761,Hammarö,20.4,pct,provenance/sweden_public_manifest.json,family_mapped
sweden,age65,2022,municipality,1762,Munkfors,29.05,pct,provenance/sweden_public_manifest.json,family_mapped
sweden,age65,2022,municipality,1763,Forshaga,23.72,pct,provenance/sweden_public_manifest.json,family_mapped
sweden,age65,2022,municipality,1764,Grums,26.89,pct,provenance/sweden_public_manifest.json,family_mapped
sweden,age65,2022,municipality,1765,Årjäng,26.01,pct,provenance/sweden_public_manifest.json,family_mapped
sweden,age65,2022,municipality,1766,Sunne,26.43,pct,provenance/sweden_public_manifest.json,family_mapped
sweden,age65,2022,municipality,1780,Karlstad,20.83,pct,provenance/sweden_public_manifest.json,family_mapped
sweden,age65,2022,municipality,1781,Kristinehamn,27.68,pct,provenance/sweden_public_manifest.json,family_mapped
sweden,age65,2022,municipality,1782,Filipstad,29.15,pct,provenance/sweden_public_manifest.json,family_mapped
sweden,age65,2022,municipality,1783,Hagfors,30.89,pct,provenance/sweden_public_manifest.json,family_mapped
sweden,age65,2022,municipality,1784,Arvika,27.26,pct,provenance/sweden_public_manifest.json,family_mapped
sweden,age65,2022,municipality,1785,Säffle,28.32,pct,provenance/sweden_public_manifest.json,family_mapped
sweden,age65,2022,municipality,1814,Lekeberg,21.14,pct,provenance/sweden_public_manifest.json,family_mapped
sweden,age65,2022,municipality,1860,Laxå,29.38,pct,provenance/sweden_public_manifest.json,family_mapped
sweden,age65,2022,municipality,1861,Hallsberg,22.79,pct,provenance/sweden_public_manifest.json,family_mapped
sweden,age65,2022,municipality,1862,Degerfors,28.89,pct,provenance/sweden_public_manifest.json,family_mapped
sweden,age65,2022,municipality,1863,Hällefors,29.72,pct,provenance/sweden_public_manifest.json,family_mapped
sweden,age65,2022,municipality,1864,Ljusnarsberg,32.82,pct,provenance/sweden_public_manifest.json,family_mapped
sweden,age65,2022,municipality,1880,Örebro,18.7,pct,provenance/sweden_public_manifest.json,family_mapped
sweden,age65,2022,municipality,1881,Kumla,20.4,pct,provenance/sweden_public_manifest.json,family_mapped
sweden,age65,2022,municipality,1882,Askersund,29.67,pct,provenance/sweden_public_manifest.json,family_mapped
sweden,age65,2022,municipality,1883,Karlskoga,25.17,pct,provenance/sweden_public_manifest.json,family_mapped
sweden,age65,2022,municipality,1884,Nora,28.17,pct,provenance/sweden_public_manifest.json,family_mapped
sweden,age65,2022,municipality,1885,Lindesberg,25.8,pct,provenance/sweden_public_manifest.json,family_mapped
sweden,age65,2022,municipality,1904,Skinnskatteberg,29.94,pct,provenance/sweden_public_manifest.json,family_mapped
sweden,age65,2022,municipality,1907,Surahammar,25.22,pct,provenance/sweden_public_manifest.json,family_mapped
sweden,age65,2022,municipality,1960,Kungsör,24.15,pct,provenance/sweden_public_manifest.json,family_mapped
sweden,age65,2022,municipality,1961,Hallstahammar,23.81,pct,provenance/sweden_public_manifest.json,family_mapped
sweden,age65,2022,municipality,1962,Norberg,28.31,pct,provenance/sweden_public_manifest.json,family_mapped
sweden,age65,2022,municipality,1980,Västerås,19.58,pct,provenance/sweden_public_manifest.json,family_mapped
sweden,age65,2022,municipality,1981,Sala,25.45,pct,provenance/sweden_public_manifest.json,family_mapped
sweden,age65,2022,municipality,1982,Fagersta,24.12,pct,provenance/sweden_public_manifest.json,family_mapped
sweden,age65,2022,municipality,1983,Köping,24.73,pct,provenance/sweden_public_manifest.json,family_mapped
sweden,age65,2022,municipality,1984,Arboga,26.61,pct,provenance/sweden_public_manifest.json,family_mapped
sweden,age65,2022,municipality,2021,Vansbro,27.46,pct,provenance/sweden_public_manifest.json,family_mapped
sweden,age65,2022,municipality,2023,Malung-Sälen,27.64,pct,provenance/sweden_public_manifest.json,family_mapped
sweden,age65,2022,municipality,2026,Gagnef,25.78,pct,provenance/sweden_public_manifest.json,family_mapped
sweden,age65,2022,municipality,2029,Leksand,29.92,pct,provenance/sweden_public_manifest.json,family_mapped
sweden,age65,2022,municipality,2031,Rättvik,33.69,pct,provenance/sweden_public_manifest.json,family_mapped
sweden,age65,2022,municipality,2034,Orsa,28.82,pct,provenance/sweden_public_manifest.json,family_mapped
sweden,age65,2022,municipality,2039,Älvdalen,28.85,pct,provenance/sweden_public_manifest.json,family_mapped
sweden,age65,2022,municipality,2061,Smedjebacken,29.61,pct,provenance/sweden_public_manifest.json,family_mapped
sweden,age65,2022,municipality,2062,Mora,28.41,pct,provenance/sweden_public_manifest.json,family_mapped
sweden,age65,2022,municipality,2080,Falun,23.34,pct,provenance/sweden_public_manifest.json,family_mapped
sweden,age65,2022,municipality,2081,Borlänge,21.0,pct,provenance/sweden_public_manifest.json,family_mapped
sweden,age65,2022,municipality,2082,Säter,27.15,pct,provenance/sweden_public_manifest.json,family_mapped
sweden,age65,2022,municipality,2083,Hedemora,26.81,pct,provenance/sweden_public_manifest.json,family_mapped
sweden,age65,2022,municipality,2084,Avesta,26.44,pct,provenance/sweden_public_manifest.json,family_mapped
sweden,age65,2022,municipality,2085,Ludvika,25.15,pct,provenance/sweden_public_manifest.json,family_mapped
sweden,age65,2022,municipality,2101,Ockelbo,30.19,pct,provenance/sweden_public_manifest.json,family_mapped
sweden,age65,2022,municipality,2104,Hofors,27.13,pct,provenance/sweden_public_manifest.json,family_mapped
sweden,age65,2022,municipality,2121,Ovanåker,28.59,pct,provenance/sweden_public_manifest.json,family_mapped
sweden,age65,2022,municipality,2132,Nordanstig,27.63,pct,provenance/sweden_public_manifest.json,family_mapped
sweden,age65,2022,municipality,2161,Ljusdal,28.67,pct,provenance/sweden_public_manifest.json,family_mapped
sweden,age65,2022,municipality,2180,Gävle,21.03,pct,provenance/sweden_public_manifest.json,family_mapped
sweden,age65,2022,municipality,2181,Sandviken,24.51,pct,provenance/sweden_public_manifest.json,family_mapped
sweden,age65,2022,municipality,2182,Söderhamn,28.63,pct,provenance/sweden_public_manifest.json,family_mapped
sweden,age65,2022,municipality,2183,Bollnäs,26.92,pct,provenance/sweden_public_manifest.json,family_mapped
sweden,age65,2022,municipality,2184,Hudiksvall,26.75,pct,provenance/sweden_public_manifest.json,family_mapped
sweden,age65,2022,municipality,2260,Ånge,28.99,pct,provenance/sweden_public_manifest.json,family_mapped
sweden,age65,2022,municipality,2262,Timrå,24.09,pct,provenance/sweden_public_manifest.json,family_mapped
sweden,age65,2022,municipality,2280,Härnösand,27.06,pct,provenance/sweden_public_manifest.json,family_mapped
sweden,age65,2022,municipality,2281,Sundsvall,22.47,pct,provenance/sweden_public_manifest.json,family_mapped
sweden,age65,2022,municipality,2282,Kramfors,30.02,pct,provenance/sweden_public_manifest.json,family_mapped
sweden,age65,2022,municipality,2283,Sollefteå,30.01,pct,provenance/sweden_public_manifest.json,family_mapped
sweden,age65,2022,municipality,2284,Örnsköldsvik,25.36,pct,provenance/sweden_public_manifest.json,family_mapped
sweden,age65,2022,municipality,2303,Ragunda,29.2,pct,provenance/sweden_public_manifest.json,family_mapped
sweden,age65,2022,municipality,2305,Bräcke,29.73,pct,provenance/sweden_public_manifest.json,family_mapped
sweden,age65,2022,municipality,2309,Krokom,21.96,pct,provenance/sweden_public_manifest.json,family_mapped
sweden,age65,2022,municipality,2313,Strömsund,30.58,pct,provenance/sweden_public_manifest.json,family_mapped
sweden,age65,2022,municipality,2321,Åre,17.95,pct,provenance/sweden_public_manifest.json,family_mapped
sweden,age65,2022,municipality,2326,Berg,29.72,pct,provenance/sweden_public_manifest.json,family_mapped
sweden,age65,2022,municipality,2361,Härjedalen,29.7,pct,provenance/sweden_public_manifest.json,family_mapped
sweden,age65,2022,municipality,2380,Östersund,22.19,pct,provenance/sweden_public_manifest.json,family_mapped
sweden,age65,2022,municipality,2401,Nordmaling,28.85,pct,provenance/sweden_public_manifest.json,family_mapped
sweden,age65,2022,municipality,2403,Bjurholm,29.47,pct,provenance/sweden_public_manifest.json,family_mapped
sweden,age65,2022,municipality,2404,Vindeln,28.4,pct,provenance/sweden_public_manifest.json,family_mapped
sweden,age65,2022,municipality,2409,Robertsfors,27.69,pct,provenance/sweden_public_manifest.json,family_mapped
sweden,age65,2022,municipality,2417,Norsjö,29.39,pct,provenance/sweden_public_manifest.json,family_mapped
sweden,age65,2022,municipality,2418,Malå,28.63,pct,provenance/sweden_public_manifest.json,family_mapped
sweden,age65,2022,municipality,2421,Storuman,30.23,pct,provenance/sweden_public_manifest.json,family_mapped
sweden,age65,2022,municipality,2422,Sorsele,30.34,pct,provenance/sweden_public_manifest.json,family_mapped
sweden,age65,2022,municipality,2425,Dorotea,33.14,pct,provenance/sweden_public_manifest.json,family_mapped
sweden,age65,2022,municipality,2460,Vännäs,21.65,pct,provenance/sweden_public_manifest.json,family_mapped
sweden,age65,2022,municipality,2462,Vilhelmina,28.21,pct,provenance/sweden_public_manifest.json,family_mapped
sweden,age65,2022,municipality,2463,Åsele,32.15,pct,provenance/sweden_public_manifest.json,family_mapped
sweden,age65,2022,municipality,2480,Umeå,17.48,pct,provenance/sweden_public_manifest.json,family_mapped
sweden,age65,2022,municipality,2481,Lycksele,24.84,pct,provenance/sweden_public_manifest.json,family_mapped
sweden,age65,2022,municipality,2482,Skellefteå,24.16,pct,provenance/sweden_public_manifest.json,family_mapped
sweden,age65,2022,municipality,2505,Arvidsjaur,28.18,pct,provenance/sweden_public_manifest.json,family_mapped
sweden,age65,2022,municipality,2506,Arjeplog,30.51,pct,provenance/sweden_public_manifest.json,family_mapped
sweden,age65,2022,municipality,2510,Jokkmokk,30.22,pct,provenance/sweden_public_manifest.json,family_mapped
sweden,age65,2022,municipality,2513,Överkalix,36.04,pct,provenance/sweden_public_manifest.json,family_mapped
sweden,age65,2022,municipality,2514,Kalix,29.77,pct,provenance/sweden_public_manifest.json,family_mapped
sweden,age65,2022,municipality,2518,Övertorneå,38.43,pct,provenance/sweden_public_manifest.json,family_mapped
sweden,age65,2022,municipality,2521,Pajala,35.76,pct,provenance/sweden_public_manifest.json,family_mapped
sweden,age65,2022,municipality,2523,Gällivare,25.77,pct,provenance/sweden_public_manifest.json,family_mapped
sweden,age65,2022,municipality,2560,Älvsbyn,26.81,pct,provenance/sweden_public_manifest.json,family_mapped
sweden,age65,2022,municipality,2580,Luleå,21.29,pct,provenance/sweden_public_manifest.json,family_mapped
sweden,age65,2022,municipality,2581,Piteå,24.51,pct,provenance/sweden_public_manifest.json,family_mapped
sweden,age65,2022,municipality,2582,Boden,26.01,pct,provenance/sweden_public_manifest.json,family_mapped
sweden,age65,2022,municipality,2583,Haparanda,31.58,pct,provenance/sweden_public_manifest.json,family_mapped
sweden,age65,2022,municipality,2584,Kiruna,21.71,pct,provenance/sweden_public_manifest.json,family_mapped
